{
    "type": "filament",
    "name": "Bambu ABS-GF @base",
    "inherits": "fdm_filament_abs",
    "from": "system",
    "filament_id": "GFB50",
    "instantiation": "false",
    "fan_cooling_layer_time": [
        "12"
    ],
    "fan_max_speed": [
        "30"
    ],
    "filament_cost": [
        "29.99"
    ],
    "filament_density": [
        "1.08"
    ],
    "filament_type": [
        "ABS-GF"
    ],
    "filament_flow_ratio": [
        "0.95"
    ],
    "filament_max_volumetric_speed": [
        "12"
    ],
    "filament_vendor": [
        "Bambu Lab"
    ],
    "overhang_fan_speed": [
        "30"
    ],
    "overhang_fan_threshold": [
        "10%"
    ],
    "slow_down_layer_time": [
        "4"
    ]
}