{
    "type": "filament",
    "name": "Bambu Generic PA",
    "inherits": "fdm_filament_pa",
    "from": "system",
    "filament_id": "GFN99",
    "setting_id": "GFSN98",
    "instantiation": "true",
    "chamber_temperatures": [
        "60"
    ],
    "fan_cooling_layer_time": [
        "65"
    ],
    "fan_max_speed": [
        "85"
    ],
    "fan_min_speed": [
        "40"
    ],
    "filament_max_volumetric_speed": [
        "12"
    ],
    "nozzle_temperature": [
        "260"
    ],
    "nozzle_temperature_initial_layer": [
        "260"
    ],
    "nozzle_temperature_range_high": [
        "280"
    ],
    "nozzle_temperature_range_low": [
        "240"
    ],
    "overhang_fan_speed": [
        "95"
    ],
    "overhang_fan_threshold": [
        "10%"
    ],
    "required_nozzle_HRC": [
        "3"
    ],
    "slow_down_layer_time": [
        "8"
    ],
    "slow_down_min_speed": [
        "10"
    ],
    "compatible_printers": [
        "Bambu Lab X1 Carbon 0.4 nozzle",
        "Bambu Lab X1 Carbon 0.6 nozzle",
        "Bambu Lab X1 Carbon 0.8 nozzle",
        "Bambu Lab X1 0.4 nozzle",
        "Bambu Lab X1 0.6 nozzle",
        "Bambu Lab X1 0.8 nozzle",
        "Bambu Lab P1S 0.4 nozzle",
        "Bambu Lab P1S 0.6 nozzle",
        "Bambu Lab P1S 0.8 nozzle",
        "Bambu Lab X1E 0.4 nozzle",
        "Bambu Lab X1E 0.6 nozzle",
        "Bambu Lab X1E 0.8 nozzle"
    ]
}