{
    "type": "filament",
    "name": "Bambu Generic HIPS @BBL A1M",
    "inherits": "Bambu Generic HIPS @base",
    "from": "system",
    "setting_id": "GFSS98_02",
    "instantiation": "true",
    "eng_plate_temp": [
        "70"
    ],
    "eng_plate_temp_initial_layer": [
        "70"
    ],
    "hot_plate_temp": [
        "70"
    ],
    "hot_plate_temp_initial_layer": [
        "70"
    ],
    "textured_plate_temp": [
        "70"
    ],
    "textured_plate_temp_initial_layer": [
        "70"
    ],
    "compatible_printers": [
        "Bambu Lab A1 mini 0.4 nozzle",
        "Bambu Lab A1 mini 0.6 nozzle",
        "Bambu Lab A1 mini 0.8 nozzle"
    ]
}