{
    "type": "filament",
    "name": "Bambu PETG Translucent @BBL X1C 0.8 nozzle",
    "inherits": "Bambu PETG Translucent @base",
    "from": "system",
    "setting_id": "GFSG01_01",
    "instantiation": "true",
    "fan_max_speed": [
        "60"
    ],
    "fan_min_speed": [
        "20"
    ],
    "filament_max_volumetric_speed": [
        "16"
    ],
    "filament_retraction_length": [
        "0.2"
    ],
    "slow_down_layer_time": [
        "8"
    ],
    "compatible_printers": [
        "Bambu Lab X1 Carbon 0.6 nozzle",
        "Bambu Lab X1 Carbon 0.8 nozzle",
        "Bambu Lab X1 0.6 nozzle",
        "Bambu Lab X1 0.8 nozzle",
        "Bambu Lab P1P 0.6 nozzle",
        "Bambu Lab P1P 0.8 nozzle",
        "Bambu Lab P1S 0.6 nozzle",
        "Bambu Lab P1S 0.8 nozzle",
        "Bambu Lab X1E 0.6 nozzle",
        "Bambu Lab X1E 0.8 nozzle"
    ]
}