{
    "type": "filament",
    "name": "Bambu Generic HIPS @BBL X1C",
    "inherits": "Bambu Generic HIPS @base",
    "from": "system",
    "setting_id": "GFSS98_00",
    "instantiation": "true",
    "compatible_printers": [
        "Bambu Lab X1 Carbon 0.4 nozzle",
        "Bambu Lab X1 0.4 nozzle",
        "Bambu Lab X1 Carbon 0.6 nozzle",
        "Bambu Lab X1 Carbon 0.8 nozzle",
        "Bambu Lab X1 0.6 nozzle",
        "Bambu Lab X1 0.8 nozzle",
        "Bambu Lab P1P 0.4 nozzle",
        "Bambu Lab P1P 0.6 nozzle",
        "Bambu Lab P1P 0.8 nozzle",
        "Bambu Lab P1S 0.4 nozzle",
        "Bambu Lab P1S 0.6 nozzle",
        "Bambu Lab P1S 0.8 nozzle",
        "Bambu Lab X1E 0.4 nozzle",
        "Bambu Lab X1E 0.6 nozzle",
        "Bambu Lab X1E 0.8 nozzle"
    ]
}