{
    "type": "filament",
    "name": "Bambu Generic PLA Silk @BBL A1M",
    "inherits": "Bambu Generic PLA Silk @base",
    "from": "system",
    "setting_id": "GFSL96_00",
    "instantiation": "true",
    "fan_cooling_layer_time": [
        "80"
    ],
    "fan_max_speed": [
        "80"
    ],
    "fan_min_speed": [
        "60"
    ],
    "filament_max_volumetric_speed": [
        "7.5"
    ],
    "filament_retraction_length": [
        "0.5"
    ],
    "hot_plate_temp": [
        "60"
    ],
    "hot_plate_temp_initial_layer": [
        "60"
    ],
    "textured_plate_temp": [
        "60"
    ],
    "textured_plate_temp_initial_layer": [
        "60"
    ],
    "compatible_printers": [
        "Bambu Lab A1 mini 0.4 nozzle",
        "Bambu Lab A1 mini 0.6 nozzle",
        "Bambu Lab A1 mini 0.8 nozzle"
    ]
}