{
    "type": "filament",
    "name": "Bambu TPU 95A @BBL X1C",
    "inherits": "Bambu TPU 95A @base",
    "from": "system",
    "setting_id": "GFSU00",
    "instantiation": "true",
    "filament_max_volumetric_speed": [
        "3.6"
    ],
    "compatible_printers": [
        "Bambu Lab X1 Carbon 0.4 nozzle",
        "Bambu Lab X1 Carbon 0.6 nozzle",
        "Bambu Lab X1 Carbon 0.8 nozzle",
        "Bambu Lab P1S 0.4 nozzle",
        "Bambu Lab P1S 0.6 nozzle",
        "Bambu Lab P1S 0.8 nozzle",
        "Bambu Lab X1E 0.4 nozzle",
        "Bambu Lab X1E 0.6 nozzle",
        "Bambu Lab X1E 0.8 nozzle"
    ]
}