{
    "type": "filament",
    "name": "Bambu Support For PLA @base",
    "inherits": "fdm_filament_pla",
    "from": "system",
    "filament_id": "GFS02",
    "instantiation": "false",
    "cool_plate_temp": [
        "40"
    ],
    "cool_plate_temp_initial_layer": [
        "40"
    ],
    "filament_cost": [
        "69.98"
    ],
    "filament_density": [
        "1.30"
    ],
    "filament_is_support": [
        "1"
    ],
    "filament_vendor": [
        "Bambu Lab"
    ],
    "slow_down_layer_time": [
        "8"
    ],
    "filament_start_gcode": [
        "; filament start gcode\n{if  (bed_temperature[current_extruder] >55)||(bed_temperature_initial_layer[current_extruder] >55)}M106 P3 S200\n{elsif(bed_temperature[current_extruder] >50)||(bed_temperature_initial_layer[current_extruder] >50)}M106 P3 S150\n{elsif(bed_temperature[current_extruder] >45)||(bed_temperature_initial_layer[current_extruder] >45)}M106 P3 S50\n{endif}\n\n{if activate_air_filtration[current_extruder] && support_air_filtration}\nM106 P3 S{during_print_exhaust_fan_speed_num[current_extruder]} \n{endif}"
    ]
}