{
    "type": "filament",
    "name": "Bambu Generic PC @BBL P1S 0.2 nozzle",
    "inherits": "Bambu Generic PC @0.2 nozzle",
    "from": "system",
    "setting_id": "GFSC99_03",
    "instantiation": "true",
    "eng_plate_temp": [
        "100"
    ],
    "eng_plate_temp_initial_layer": [
        "100"
    ],
    "hot_plate_temp": [
        "100"
    ],
    "hot_plate_temp_initial_layer": [
        "100"
    ],
    "textured_plate_temp": [
        "100"
    ],
    "textured_plate_temp_initial_layer": [
        "100"
    ],
    "compatible_printers": [
        "Bambu Lab P1S 0.2 nozzle"
    ]
}