{
    "type": "filament",
    "name": "Bambu Support For PLA @BBL X1C 0.2 nozzle",
    "inherits": "Bambu Support For PLA @base",
    "from": "system",
    "setting_id": "GFSS02_01",
    "instantiation": "true",
    "filament_max_volumetric_speed": [
        "0.5"
    ],
    "nozzle_temperature": [
        "240"
    ],
    "nozzle_temperature_initial_layer": [
        "240"
    ],
    "compatible_printers": [
        "Bambu Lab X1 Carbon 0.2 nozzle",
        "Bambu Lab X1 0.2 nozzle",
        "Bambu Lab P1S 0.2 nozzle",
        "Bambu Lab X1E 0.2 nozzle"
    ]
}