{
    "type": "filament",
    "name": "Bambu ASA @base",
    "inherits": "fdm_filament_asa",
    "from": "system",
    "filament_id": "GFB01",
    "instantiation": "false",
    "fan_max_speed": [
        "35"
    ],
    "filament_cost": [
        "31.99"
    ],
    "filament_density": [
        "1.05"
    ],
    "filament_flow_ratio": [
        "0.95"
    ],
    "filament_max_volumetric_speed": [
        "18"
    ],
    "filament_vendor": [
        "Bambu Lab"
    ],
    "nozzle_temperature": [
        "270"
    ],
    "nozzle_temperature_initial_layer": [
        "270"
    ],
    "slow_down_layer_time": [
        "12"
    ]
}