{
    "type": "filament",
    "name": "Bambu Generic PPS-CF @base",
    "inherits": "fdm_filament_pps",
    "from": "system",
    "filament_id": "GFT98",
    "instantiation": "false",
    "fan_max_speed": [
        "30"
    ],
    "filament_density": [
        "1.3"
    ],
    "filament_max_volumetric_speed": [
        "3"
    ],
    "filament_type": [
        "PPS-CF"
    ],
    "nozzle_temperature_range_high": [
        "350"
    ],
    "required_nozzle_HRC": [
        "40"
    ],
    "temperature_vitrification": [
        "220"
    ]
}