{
    "type": "filament",
    "name": "Bambu Generic PHA @BBL X1C",
    "inherits": "Bambu Generic PHA @base",
    "from": "system",
    "setting_id": "GFSR98_00",
    "instantiation": "true",
    "description": "This is neither a commonly used filament, nor one of Bambu filaments, and it varies a lot from brand to brand. So, it's highly recommended to ask its vendor for suitable profile before printing and adjust some parameters according to its performances.",
    "compatible_printers": [
        "Bambu Lab X1 Carbon 0.4 nozzle",
        "Bambu Lab X1 Carbon 0.6 nozzle",
        "Bambu Lab X1 Carbon 0.8 nozzle",
        "Bambu Lab X1E 0.4 nozzle",
        "Bambu Lab X1E 0.6 nozzle",
        "Bambu Lab X1E 0.8 nozzle",
        "Bambu Lab X1 0.8 nozzle",
        "Bambu Lab X1 0.6 nozzle",
        "Bambu Lab X1 0.4 nozzle",
        "Bambu Lab P1S 0.8 nozzle",
        "Bambu Lab P1S 0.6 nozzle",
        "Bambu Lab P1S 0.4 nozzle",
        "Bambu Lab P1P 0.6 nozzle",
        "Bambu Lab P1P 0.8 nozzle",
        "Bambu Lab P1P 0.4 nozzle"
    ]
}