{
    "type": "filament",
    "name": "Bambu Support G @base",
    "inherits": "fdm_filament_pa",
    "from": "system",
    "filament_id": "GFS01",
    "instantiation": "false",
    "required_nozzle_HRC": [
        "3"
    ],
    "filament_vendor": [
        "Bambu Lab"
    ],
    "filament_density": [
        "1.22"
    ],
    "filament_is_support": [
        "1"
    ],
    "nozzle_temperature_initial_layer": [
        "280"
    ],
    "nozzle_temperature": [
        "280"
    ],
    "fan_cooling_layer_time": [
        "10"
    ],
    "filament_cost": [
        "34.99"
    ],
    "slow_down_layer_time": [
        "6"
    ]
}