{
    "type": "filament",
    "name": "Bambu Support For PLA/PETG @BBL A1M",
    "inherits": "Bambu Support For PLA/PETG @base",
    "from": "system",
    "setting_id": "GFSS05_04",
    "instantiation": "true",
    "eng_plate_temp": [
        "65"
    ],
    "eng_plate_temp_initial_layer": [
        "65"
    ],
    "hot_plate_temp": [
        "65"
    ],
    "hot_plate_temp_initial_layer": [
        "65"
    ],
    "textured_plate_temp": [
        "65"
    ],
    "textured_plate_temp_initial_layer": [
        "65"
    ],
    "compatible_printers": [
        "Bambu Lab A1 mini 0.4 nozzle",
        "Bambu Lab A1 mini 0.6 nozzle",
        "Bambu Lab A1 mini 0.8 nozzle"
    ]
}