{
    "type": "filament",
    "name": "Bambu Generic PLA @base",
    "inherits": "fdm_filament_pla",
    "from": "system",
    "filament_id": "GFL99",
    "instantiation": "false",
    "filament_flow_ratio": [
        "0.98"
    ],
    "slow_down_layer_time": [
        "8"
    ],
    "filament_start_gcode": [
        "; filament start gcode\n{if  (bed_temperature[current_extruder] >45)||(bed_temperature_initial_layer[current_extruder] >45)}M106 P3 S255\n{elsif(bed_temperature[current_extruder] >35)||(bed_temperature_initial_layer[current_extruder] >35)}M106 P3 S180\n{endif};Prevent PLA from jamming\n\n\n{if activate_air_filtration[current_extruder] && support_air_filtration}\nM106 P3 S{during_print_exhaust_fan_speed_num[current_extruder]} \n{endif}"
    ]
}