{
    "type": "filament",
    "name": "Bambu PETG Translucent @BBL X1C",
    "inherits": "Bambu PETG Translucent @base",
    "from": "system",
    "setting_id": "GFSG01_00",
    "instantiation": "true",
    "filament_retraction_length": [
        "0.3"
    ],
    "slow_down_layer_time": [
        "8"
    ],
    "compatible_printers": [
        "Bambu Lab X1 Carbon 0.4 nozzle",
        "Bambu Lab X1 0.4 nozzle",
        "Bambu Lab P1P 0.4 nozzle",
        "Bambu Lab P1S 0.4 nozzle",
        "Bambu Lab X1E 0.4 nozzle"
    ]
}