{
    "type": "filament",
    "name": "Bambu PETG Basic @BBL A1 0.8 nozzle",
    "inherits": "Bambu PETG Basic @base",
    "from": "system",
    "setting_id": "GFSG00_08",
    "instantiation": "true",
    "fan_max_speed": [
        "60"
    ],
    "fan_min_speed": [
        "20"
    ],
    "filament_flow_ratio": [
        "0.94"
    ],
    "filament_max_volumetric_speed": [
        "12"
    ],
    "compatible_printers": [
        "Bambu Lab A1 0.8 nozzle",
        "Bambu Lab A1 0.6 nozzle"
    ]
}