{
    "type": "filament",
    "name": "Bambu Generic EVA @BBL X1C",
    "inherits": "Bambu Generic EVA @base",
    "from": "system",
    "setting_id": "GFSR99_00",
    "instantiation": "true",
    "description": "This is neither a commonly used filament, nor one of Bambu filaments, and it varies a lot from brand to brand. So, it's highly recommended to ask its vendor for suitable profile before printing and adjust some parameters according to its performances.",
    "compatible_printers": [
        "Bambu Lab P1P 0.4 nozzle",
        "Bambu Lab P1P 0.6 nozzle",
        "Bambu Lab P1P 0.8 nozzle",
        "Bambu Lab P1S 0.4 nozzle",
        "Bambu Lab P1S 0.6 nozzle",
        "Bambu Lab P1S 0.8 nozzle",
        "Bambu Lab X1 0.4 nozzle",
        "Bambu Lab X1 0.6 nozzle",
        "Bambu Lab X1 0.8 nozzle",
        "Bambu Lab X1 Carbon 0.4 nozzle",
        "Bambu Lab X1 Carbon 0.6 nozzle",
        "Bambu Lab X1 Carbon 0.8 nozzle",
        "Bambu Lab X1E 0.4 nozzle",
        "Bambu Lab X1E 0.6 nozzle",
        "Bambu Lab X1E 0.8 nozzle"
    ]
}