{
    "type": "filament",
    "name": "Bambu PLA-CF @BBL A1M 0.8 nozzle",
    "inherits": "Bambu PLA-CF @base",
    "from": "system",
    "setting_id": "GFSA50_03",
    "instantiation": "true",
    "fan_cooling_layer_time": [
        "80"
    ],
    "fan_max_speed": [
        "80"
    ],
    "fan_min_speed": [
        "60"
    ],
    "filament_max_volumetric_speed": [
        "18"
    ],
    "hot_plate_temp": [
        "60"
    ],
    "hot_plate_temp_initial_layer": [
        "60"
    ],
    "nozzle_temperature": [
        "230"
    ],
    "nozzle_temperature_initial_layer": [
        "230"
    ],
    "slow_down_layer_time": [
        "6"
    ],
    "textured_plate_temp": [
        "65"
    ],
    "textured_plate_temp_initial_layer": [
        "65"
    ],
    "compatible_printers": [
        "Bambu Lab A1 mini 0.6 nozzle",
        "Bambu Lab A1 mini 0.8 nozzle"
    ]
}