{
    "type": "filament",
    "name": "Bambu PLA Glow @BBL X1C",
    "inherits": "Bambu PLA Glow @base",
    "from": "system",
    "setting_id": "GFSA12_00",
    "instantiation": "true",
    "compatible_printers": [
        "Bambu Lab X1 Carbon 0.4 nozzle",
        "Bambu Lab X1 Carbon 0.6 nozzle",
        "Bambu Lab X1 Carbon 0.8 nozzle",
        "Bambu Lab P1S 0.8 nozzle",
        "Bambu Lab P1S 0.6 nozzle",
        "Bambu Lab P1S 0.4 nozzle"
    ],
    "filament_start_gcode": [
        "; filament start gcode\n{if  (bed_temperature[current_extruder] >55)||(bed_temperature_initial_layer[current_extruder] >55)}M106 P3 S200\n{elsif(bed_temperature[current_extruder] >50)||(bed_temperature_initial_layer[current_extruder] >50)}M106 P3 S150\n{elsif(bed_temperature[current_extruder] >45)||(bed_temperature_initial_layer[current_extruder] >45)}M106 P3 S50\n{endif}\nM142 P1 R35 S40\n{if activate_air_filtration[current_extruder] && support_air_filtration}\nM106 P3 S{during_print_exhaust_fan_speed_num[current_extruder]} \n{endif}"
    ]
}