{
    "type": "filament",
    "name": "Bambu PETG-CF @BBL A1 0.8 nozzle",
    "inherits": "Bambu PETG-CF @base",
    "from": "system",
    "setting_id": "GFSG50_06",
    "instantiation": "true",
    "fan_cooling_layer_time": [
        "30"
    ],
    "fan_max_speed": [
        "40"
    ],
    "fan_min_speed": [
        "5"
    ],
    "filament_max_volumetric_speed": [
        "9"
    ],
    "overhang_fan_speed": [
        "100"
    ],
    "compatible_printers": [
        "Bambu Lab A1 0.6 nozzle",
        "Bambu Lab A1 0.8 nozzle"
    ]
}