{
    "type": "filament",
    "name": "Bambu PLA Galaxy @BBL A1 0.2 nozzle",
    "inherits": "Bambu PLA Galaxy @base",
    "from": "system",
    "setting_id": "GFSA15_06",
    "instantiation": "true",
    "fan_cooling_layer_time": [
        "80"
    ],
    "fan_max_speed": [
        "80"
    ],
    "fan_min_speed": [
        "60"
    ],
    "filament_max_volumetric_speed": [
        "2"
    ],
    "hot_plate_temp": [
        "65"
    ],
    "hot_plate_temp_initial_layer": [
        "65"
    ],
    "slow_down_layer_time": [
        "6"
    ],
    "textured_plate_temp": [
        "65"
    ],
    "textured_plate_temp_initial_layer": [
        "65"
    ],
    "compatible_printers": [
        "Bambu Lab A1 0.2 nozzle"
    ]
}