{
    "type": "filament",
    "name": "fdm_filament_ppa",
    "inherits": "fdm_filament_common",
    "from": "system",
    "instantiation": "false",
    "activate_air_filtration": [
        "1"
    ],
    "cool_plate_temp": [
        "0"
    ],
    "cool_plate_temp_initial_layer": [
        "0"
    ],
    "eng_plate_temp": [
        "100"
    ],
    "eng_plate_temp_initial_layer": [
        "100"
    ],
    "fan_cooling_layer_time": [
        "5"
    ],
    "fan_max_speed": [
        "30"
    ],
    "fan_min_speed": [
        "10"
    ],
    "filament_cost": [
        "20"
    ],
    "filament_density": [
        "1.17"
    ],
    "filament_flow_ratio": [
        "0.96"
    ],
    "filament_max_volumetric_speed": [
        "8"
    ],
    "filament_type": [
        "PPA-CF"
    ],
    "filament_vendor": [
        "Bambu Lab"
    ],
    "hot_plate_temp": [
        "100"
    ],
    "hot_plate_temp_initial_layer": [
        "100"
    ],
    "nozzle_temperature": [
        "290"
    ],
    "nozzle_temperature_initial_layer": [
        "290"
    ],
    "nozzle_temperature_range_high": [
        "320"
    ],
    "nozzle_temperature_range_low": [
        "280"
    ],
    "overhang_fan_speed": [
        "40"
    ],
    "overhang_fan_threshold": [
        "0%"
    ],
    "required_nozzle_HRC": [
        "40"
    ],
    "slow_down_layer_time": [
        "2"
    ],
    "slow_down_min_speed": [
        "20"
    ],
    "temperature_vitrification": [
        "210"
    ],
    "textured_plate_temp": [
        "100"
    ],
    "textured_plate_temp_initial_layer": [
        "100"
    ]
}