{
    "type": "filament",
    "name": "PolyLite PETG @base",
    "inherits": "fdm_filament_pet",
    "from": "system",
    "filament_id": "GFG60",
    "instantiation": "false",
    "cool_plate_temp": [
        "0"
    ],
    "cool_plate_temp_initial_layer": [
        "0"
    ],
    "eng_plate_temp": [
        "70"
    ],
    "eng_plate_temp_initial_layer": [
        "70"
    ],
    "fan_cooling_layer_time": [
        "30"
    ],
    "fan_max_speed": [
        "90"
    ],
    "fan_min_speed": [
        "40"
    ],
    "filament_flow_ratio": [
        "0.95"
    ],
    "filament_vendor": [
        "Polymaker"
    ],
    "hot_plate_temp": [
        "70"
    ],
    "hot_plate_temp_initial_layer": [
        "70"
    ],
    "overhang_fan_speed": [
        "90"
    ],
    "overhang_fan_threshold": [
        "10%"
    ],
    "slow_down_layer_time": [
        "12"
    ],
    "slow_down_min_speed": [
        "20"
    ],
    "textured_plate_temp": [
        "70"
    ],
    "textured_plate_temp_initial_layer": [
        "70"
    ]
}