{
    "type": "filament",
    "name": "PolyLite ASA @BBL A1 0.2 nozzle",
    "inherits": "PolyLite ASA @base",
    "from": "system",
    "setting_id": "GFSB61_06",
    "instantiation": "true",
    "filament_max_volumetric_speed": [
        "2"
    ],
    "hot_plate_temp": [
        "100"
    ],
    "hot_plate_temp_initial_layer": [
        "100"
    ],
    "textured_plate_temp": [
        "100"
    ],
    "textured_plate_temp_initial_layer": [
        "100"
    ],
    "compatible_printers": [
        "Bambu Lab A1 0.2 nozzle"
    ]
}