{
    "type": "filament",
    "name": "PolyLite PETG @BBL P1P",
    "inherits": "PolyLite PETG @base",
    "from": "system",
    "setting_id": "GFSG60_02",
    "instantiation": "true",
    "filament_max_volumetric_speed": [
        "11.5"
    ],
    "hot_plate_temp": [
        "80"
    ],
    "hot_plate_temp_initial_layer": [
        "80"
    ],
    "nozzle_temperature_range_high": [
        "270"
    ],
    "textured_plate_temp": [
        "80"
    ],
    "textured_plate_temp_initial_layer": [
        "80"
    ],
    "compatible_printers": [
        "Bambu Lab P1P 0.4 nozzle",
        "Bambu Lab P1P 0.6 nozzle",
        "Bambu Lab P1P 0.8 nozzle"
    ]
}