{
    "type": "filament",
    "name": "PolyLite PETG @BBL X1C",
    "inherits": "PolyLite PETG @base",
    "from": "system",
    "setting_id": "GFSG60_00",
    "instantiation": "true",
    "filament_max_volumetric_speed": [
        "11.5"
    ],
    "nozzle_temperature_range_high": [
        "270"
    ],
    "compatible_printers": [
        "Bambu Lab X1 Carbon 0.4 nozzle",
        "Bambu Lab X1 0.4 nozzle",
        "Bambu Lab X1 0.8 nozzle",
        "Bambu Lab X1 0.6 nozzle",
        "Bambu Lab X1 Carbon 0.6 nozzle",
        "Bambu Lab X1 Carbon 0.8 nozzle",
        "Bambu Lab P1S 0.4 nozzle",
        "Bambu Lab P1S 0.6 nozzle",
        "Bambu Lab P1S 0.8 nozzle",
        "Bambu Lab X1E 0.4 nozzle",
        "Bambu Lab X1E 0.6 nozzle",
        "Bambu Lab X1E 0.8 nozzle"
    ]
}