{
    "name": "Bambulab",
    "url": "http://www.bambulab.com/Parameters/vendor/BBL.json",
    "version": "01.01.05.01",
    "force_update": "0",
    "description": "the initial version of BBL configurations",
    "machine_model_list": [
        {
            "name": "Bambu Lab X1 Carbon",
            "sub_path": "machine/Bambu Lab X1 Carbon.json"
        },
        {
            "name": "Bambu Lab X1",
            "sub_path": "machine/Bambu Lab X1.json"
        },
        {
            "name": "Bambu Lab X1E",
            "sub_path": "machine/Bambu Lab X1E.json"
        },
        {
            "name": "Bambu Lab P1P",
            "sub_path": "machine/Bambu Lab P1P.json"
        },
        {
            "name": "Bambu Lab P1S",
            "sub_path": "machine/Bambu Lab P1S.json"
        },
        {
            "name": "Bambu Lab A1 mini",
            "sub_path": "machine/Bambu Lab A1 mini.json"
        },
        {
            "name": "Bambu Lab A1",
            "sub_path": "machine/Bambu Lab A1.json"
        }
    ],
    "process_list": [
        {
            "name": "fdm_process_common",
            "sub_path": "process/fdm_process_common.json"
        },
        {
            "name": "fdm_process_bbl_common",
            "sub_path": "process/fdm_process_bbl_common.json"
        },
        {
            "name": "fdm_process_bbl_0.08",
            "sub_path": "process/fdm_process_bbl_0.08.json"
        },
        {
            "name": "fdm_process_bbl_0.10_nozzle_0.2",
            "sub_path": "process/fdm_process_bbl_0.10_nozzle_0.2.json"
        },
        {
            "name": "fdm_process_bbl_0.40_nozzle_0.8",
            "sub_path": "process/fdm_process_bbl_0.40_nozzle_0.8.json"
        },
        {
            "name": "fdm_process_bbl_0.30_nozzle_0.6",
            "sub_path": "process/fdm_process_bbl_0.30_nozzle_0.6.json"
        },
        {
            "name": "fdm_process_bbl_0.12",
            "sub_path": "process/fdm_process_bbl_0.12.json"
        },
        {
            "name": "fdm_process_bbl_0.16",
            "sub_path": "process/fdm_process_bbl_0.16.json"
        },
        {
            "name": "fdm_process_bbl_0.20",
            "sub_path": "process/fdm_process_bbl_0.20.json"
        },
        {
            "name": "fdm_process_bbl_0.24",
            "sub_path": "process/fdm_process_bbl_0.24.json"
        },
        {
            "name": "fdm_process_bbl_0.28",
            "sub_path": "process/fdm_process_bbl_0.28.json"
        },
        {
            "name": "fdm_process_bbl_0.06_nozzle_0.2",
            "sub_path": "process/fdm_process_bbl_0.06_nozzle_0.2.json"
        },
        {
            "name": "fdm_process_bbl_0.08_nozzle_0.2",
            "sub_path": "process/fdm_process_bbl_0.08_nozzle_0.2.json"
        },
        {
            "name": "fdm_process_bbl_0.12_nozzle_0.2",
            "sub_path": "process/fdm_process_bbl_0.12_nozzle_0.2.json"
        },
        {
            "name": "fdm_process_bbl_0.14_nozzle_0.2",
            "sub_path": "process/fdm_process_bbl_0.14_nozzle_0.2.json"
        },
        {
            "name": "fdm_process_bbl_0.18_nozzle_0.6",
            "sub_path": "process/fdm_process_bbl_0.18_nozzle_0.6.json"
        },
        {
            "name": "fdm_process_bbl_0.24_nozzle_0.6",
            "sub_path": "process/fdm_process_bbl_0.24_nozzle_0.6.json"
        },
        {
            "name": "fdm_process_bbl_0.36_nozzle_0.6",
            "sub_path": "process/fdm_process_bbl_0.36_nozzle_0.6.json"
        },
        {
            "name": "fdm_process_bbl_0.42_nozzle_0.6",
            "sub_path": "process/fdm_process_bbl_0.42_nozzle_0.6.json"
        },
        {
            "name": "fdm_process_bbl_0.24_nozzle_0.8",
            "sub_path": "process/fdm_process_bbl_0.24_nozzle_0.8.json"
        },
        {
            "name": "fdm_process_bbl_0.32_nozzle_0.8",
            "sub_path": "process/fdm_process_bbl_0.32_nozzle_0.8.json"
        },
        {
            "name": "fdm_process_bbl_0.48_nozzle_0.8",
            "sub_path": "process/fdm_process_bbl_0.48_nozzle_0.8.json"
        },
        {
            "name": "fdm_process_bbl_0.56_nozzle_0.8",
            "sub_path": "process/fdm_process_bbl_0.56_nozzle_0.8.json"
        },
        {
            "name": "0.08mm Extra Fine @BBL X1C",
            "sub_path": "process/0.08mm Extra Fine @BBL X1C.json"
        },
        {
            "name": "0.08mm Extra Fine @BBL P1P",
            "sub_path": "process/0.08mm Extra Fine @BBL P1P.json"
        },
        {
            "name": "0.08mm Extra Fine @BBL A1M",
            "sub_path": "process/0.08mm Extra Fine @BBL A1M.json"
        },
        {
            "name": "0.08mm Extra Fine @BBL A1",
            "sub_path": "process/0.08mm Extra Fine @BBL A1.json"
        },
        {
            "name": "0.08mm High Quality @BBL X1C",
            "sub_path": "process/0.08mm High Quality @BBL X1C.json"
        },
        {
            "name": "0.08mm High Quality @BBL P1P",
            "sub_path": "process/0.08mm High Quality @BBL P1P.json"
        },
        {
            "name": "0.08mm High Quality @BBL A1M",
            "sub_path": "process/0.08mm High Quality @BBL A1M.json"
        },
        {
            "name": "0.08mm High Quality @BBL A1",
            "sub_path": "process/0.08mm High Quality @BBL A1.json"
        },
        {
            "name": "0.10mm Standard @BBL X1C 0.2 nozzle",
            "sub_path": "process/0.10mm Standard @BBL X1C 0.2 nozzle.json"
        },
        {
            "name": "0.10mm Standard @BBL P1P 0.2 nozzle",
            "sub_path": "process/0.10mm Standard @BBL P1P 0.2 nozzle.json"
        },
        {
            "name": "0.10mm Standard @BBL A1 0.2 nozzle",
            "sub_path": "process/0.10mm Standard @BBL A1 0.2 nozzle.json"
        },
        {
            "name": "0.10mm High Quality @BBL X1C 0.2 nozzle",
            "sub_path": "process/0.10mm High Quality @BBL X1C 0.2 nozzle.json"
        },
        {
            "name": "0.10mm High Quality @BBL P1P 0.2 nozzle",
            "sub_path": "process/0.10mm High Quality @BBL P1P 0.2 nozzle.json"
        },
        {
            "name": "0.10mm High Quality @BBL A1M 0.2 nozzle",
            "sub_path": "process/0.10mm High Quality @BBL A1M 0.2 nozzle.json"
        },
        {
            "name": "0.10mm High Quality @BBL A1 0.2 nozzle",
            "sub_path": "process/0.10mm High Quality @BBL A1 0.2 nozzle.json"
        },
        {
            "name": "0.40mm Standard @BBL X1C 0.8 nozzle",
            "sub_path": "process/0.40mm Standard @BBL X1C 0.8 nozzle.json"
        },
        {
            "name": "0.40mm Standard @BBL X1 0.8 nozzle",
            "sub_path": "process/0.40mm Standard @BBL X1 0.8 nozzle.json"
        },
        {
            "name": "0.40mm Standard @BBL P1P 0.8 nozzle",
            "sub_path": "process/0.40mm Standard @BBL P1P 0.8 nozzle.json"
        },
        {
            "name": "0.40mm Standard @BBL A1 0.8 nozzle",
            "sub_path": "process/0.40mm Standard @BBL A1 0.8 nozzle.json"
        },
        {
            "name": "0.30mm Standard @BBL X1C 0.6 nozzle",
            "sub_path": "process/0.30mm Standard @BBL X1C 0.6 nozzle.json"
        },
        {
            "name": "0.30mm Standard @BBL X1 0.6 nozzle",
            "sub_path": "process/0.30mm Standard @BBL X1 0.6 nozzle.json"
        },
        {
            "name": "0.30mm Standard @BBL P1P 0.6 nozzle",
            "sub_path": "process/0.30mm Standard @BBL P1P 0.6 nozzle.json"
        },
        {
            "name": "0.30mm Strength @BBL X1C 0.6 nozzle",
            "sub_path": "process/0.30mm Strength @BBL X1C 0.6 nozzle.json"
        },
        {
            "name": "0.30mm Strength @BBL A1M 0.6 nozzle",
            "sub_path": "process/0.30mm Strength @BBL A1M 0.6 nozzle.json"
        },
        {
            "name": "0.30mm Strength @BBL P1P 0.6 nozzle",
            "sub_path": "process/0.30mm Strength @BBL P1P 0.6 nozzle.json"
        },
        {
            "name": "0.30mm Standard @BBL A1 0.6 nozzle",
            "sub_path": "process/0.30mm Standard @BBL A1 0.6 nozzle.json"
        },
        {
            "name": "0.30mm Strength @BBL A1 0.6 nozzle",
            "sub_path": "process/0.30mm Strength @BBL A1 0.6 nozzle.json"
        },
        {
            "name": "0.12mm Fine @BBL X1C",
            "sub_path": "process/0.12mm Fine @BBL X1C.json"
        },
        {
            "name": "0.12mm Fine @BBL P1P",
            "sub_path": "process/0.12mm Fine @BBL P1P.json"
        },
        {
            "name": "0.12mm Fine @BBL A1M",
            "sub_path": "process/0.12mm Fine @BBL A1M.json"
        },
        {
            "name": "0.12mm Fine @BBL A1",
            "sub_path": "process/0.12mm Fine @BBL A1.json"
        },
        {
            "name": "0.12mm High Quality @BBL X1C",
            "sub_path": "process/0.12mm High Quality @BBL X1C.json"
        },
        {
            "name": "0.12mm High Quality @BBL P1P",
            "sub_path": "process/0.12mm High Quality @BBL P1P.json"
        },
        {
            "name": "0.12mm High Quality @BBL A1M",
            "sub_path": "process/0.12mm High Quality @BBL A1M.json"
        },
        {
            "name": "0.12mm High Quality @BBL A1",
            "sub_path": "process/0.12mm High Quality @BBL A1.json"
        },
        {
            "name": "0.16mm Optimal @BBL X1C",
            "sub_path": "process/0.16mm Optimal @BBL X1C.json"
        },
        {
            "name": "0.16mm Optimal @BBL P1P",
            "sub_path": "process/0.16mm Optimal @BBL P1P.json"
        },
        {
            "name": "0.16mm Optimal @BBL A1M",
            "sub_path": "process/0.16mm Optimal @BBL A1M.json"
        },
        {
            "name": "0.16mm Optimal @BBL A1",
            "sub_path": "process/0.16mm Optimal @BBL A1.json"
        },
        {
            "name": "0.16mm High Quality @BBL X1C",
            "sub_path": "process/0.16mm High Quality @BBL X1C.json"
        },
        {
            "name": "0.16mm High Quality @BBL P1P",
            "sub_path": "process/0.16mm High Quality @BBL P1P.json"
        },
        {
            "name": "0.16mm High Quality @BBL A1M",
            "sub_path": "process/0.16mm High Quality @BBL A1M.json"
        },
        {
            "name": "0.16mm High Quality @BBL A1",
            "sub_path": "process/0.16mm High Quality @BBL A1.json"
        },
        {
            "name": "0.20mm Standard @BBL X1C",
            "sub_path": "process/0.20mm Standard @BBL X1C.json"
        },
        {
            "name": "0.20mm Strength @BBL X1C",
            "sub_path": "process/0.20mm Strength @BBL X1C.json"
        },
        {
            "name": "0.20mm Standard @BBL P1P",
            "sub_path": "process/0.20mm Standard @BBL P1P.json"
        },
        {
            "name": "0.20mm Strength @BBL P1P",
            "sub_path": "process/0.20mm Strength @BBL P1P.json"
        },
        {
            "name": "0.20mm Standard @BBL A1",
            "sub_path": "process/0.20mm Standard @BBL A1.json"
        },
        {
            "name": "0.20mm Strength @BBL A1",
            "sub_path": "process/0.20mm Strength @BBL A1.json"
        },
        {
            "name": "0.24mm Draft @BBL X1C",
            "sub_path": "process/0.24mm Draft @BBL X1C.json"
        },
        {
            "name": "0.24mm Draft @BBL P1P",
            "sub_path": "process/0.24mm Draft @BBL P1P.json"
        },
        {
            "name": "0.24mm Draft @BBL A1M",
            "sub_path": "process/0.24mm Draft @BBL A1M.json"
        },
        {
            "name": "0.24mm Draft @BBL A1",
            "sub_path": "process/0.24mm Draft @BBL A1.json"
        },
        {
            "name": "0.28mm Extra Draft @BBL X1C",
            "sub_path": "process/0.28mm Extra Draft @BBL X1C.json"
        },
        {
            "name": "0.28mm Extra Draft @BBL P1P",
            "sub_path": "process/0.28mm Extra Draft @BBL P1P.json"
        },
        {
            "name": "0.28mm Extra Draft @BBL A1M",
            "sub_path": "process/0.28mm Extra Draft @BBL A1M.json"
        },
        {
            "name": "0.28mm Extra Draft @BBL A1",
            "sub_path": "process/0.28mm Extra Draft @BBL A1.json"
        },
        {
            "name": "0.06mm Standard @BBL X1C 0.2 nozzle",
            "sub_path": "process/0.06mm Standard @BBL X1C 0.2 nozzle.json"
        },
        {
            "name": "0.06mm Fine @BBL A1M 0.2 nozzle",
            "sub_path": "process/0.06mm Fine @BBL A1M 0.2 nozzle.json"
        },
        {
            "name": "0.06mm Fine @BBL P1P 0.2 nozzle",
            "sub_path": "process/0.06mm Fine @BBL P1P 0.2 nozzle.json"
        },
        {
            "name": "0.06mm Fine @BBL A1 0.2 nozzle",
            "sub_path": "process/0.06mm Fine @BBL A1 0.2 nozzle.json"
        },
        {
            "name": "0.06mm High Quality @BBL X1C 0.2 nozzle",
            "sub_path": "process/0.06mm High Quality @BBL X1C 0.2 nozzle.json"
        },
        {
            "name": "0.06mm High Quality @BBL P1P 0.2 nozzle",
            "sub_path": "process/0.06mm High Quality @BBL P1P 0.2 nozzle.json"
        },
        {
            "name": "0.06mm High Quality @BBL A1M 0.2 nozzle",
            "sub_path": "process/0.06mm High Quality @BBL A1M 0.2 nozzle.json"
        },
        {
            "name": "0.06mm High Quality @BBL A1 0.2 nozzle",
            "sub_path": "process/0.06mm High Quality @BBL A1 0.2 nozzle.json"
        },
        {
            "name": "0.08mm Standard @BBL X1C 0.2 nozzle",
            "sub_path": "process/0.08mm Standard @BBL X1C 0.2 nozzle.json"
        },
        {
            "name": "0.08mm Optimal @BBL A1M 0.2 nozzle",
            "sub_path": "process/0.08mm Optimal @BBL A1M 0.2 nozzle.json"
        },
        {
            "name": "0.08mm Optimal @BBL P1P 0.2 nozzle",
            "sub_path": "process/0.08mm Optimal @BBL P1P 0.2 nozzle.json"
        },
        {
            "name": "0.08mm Optimal @BBL A1 0.2 nozzle",
            "sub_path": "process/0.08mm Optimal @BBL A1 0.2 nozzle.json"
        },
        {
            "name": "0.08mm High Quality @BBL A1 0.2 nozzle",
            "sub_path": "process/0.08mm High Quality @BBL A1 0.2 nozzle.json"
        },
        {
            "name": "0.08mm High Quality @BBL A1M 0.2 nozzle",
            "sub_path": "process/0.08mm High Quality @BBL A1M 0.2 nozzle.json"
        },
        {
            "name": "0.08mm High Quality @BBL P1P 0.2 nozzle",
            "sub_path": "process/0.08mm High Quality @BBL P1P 0.2 nozzle.json"
        },
        {
            "name": "0.08mm High Quality @BBL X1C 0.2 nozzle",
            "sub_path": "process/0.08mm High Quality @BBL X1C 0.2 nozzle.json"
        },
        {
            "name": "0.12mm Standard @BBL X1C 0.2 nozzle",
            "sub_path": "process/0.12mm Standard @BBL X1C 0.2 nozzle.json"
        },
        {
            "name": "0.12mm Draft @BBL A1M 0.2 nozzle",
            "sub_path": "process/0.12mm Draft @BBL A1M 0.2 nozzle.json"
        },
        {
            "name": "0.12mm Draft @BBL P1P 0.2 nozzle",
            "sub_path": "process/0.12mm Draft @BBL P1P 0.2 nozzle.json"
        },
        {
            "name": "0.12mm Draft @BBL A1 0.2 nozzle",
            "sub_path": "process/0.12mm Draft @BBL A1 0.2 nozzle.json"
        },
        {
            "name": "0.14mm Standard @BBL X1C 0.2 nozzle",
            "sub_path": "process/0.14mm Standard @BBL X1C 0.2 nozzle.json"
        },
        {
            "name": "0.14mm Extra Draft @BBL A1M 0.2 nozzle",
            "sub_path": "process/0.14mm Extra Draft @BBL A1M 0.2 nozzle.json"
        },
        {
            "name": "0.14mm Extra Draft @BBL P1P 0.2 nozzle",
            "sub_path": "process/0.14mm Extra Draft @BBL P1P 0.2 nozzle.json"
        },
        {
            "name": "0.14mm Extra Draft @BBL A1 0.2 nozzle",
            "sub_path": "process/0.14mm Extra Draft @BBL A1 0.2 nozzle.json"
        },
        {
            "name": "0.18mm Standard @BBL X1C 0.6 nozzle",
            "sub_path": "process/0.18mm Standard @BBL X1C 0.6 nozzle.json"
        },
        {
            "name": "0.18mm Fine @BBL A1M 0.6 nozzle",
            "sub_path": "process/0.18mm Fine @BBL A1M 0.6 nozzle.json"
        },
        {
            "name": "0.18mm Fine @BBL P1P 0.6 nozzle",
            "sub_path": "process/0.18mm Fine @BBL P1P 0.6 nozzle.json"
        },
        {
            "name": "0.18mm Fine @BBL A1 0.6 nozzle",
            "sub_path": "process/0.18mm Fine @BBL A1 0.6 nozzle.json"
        },
        {
            "name": "0.24mm Standard @BBL X1C 0.6 nozzle",
            "sub_path": "process/0.24mm Standard @BBL X1C 0.6 nozzle.json"
        },
        {
            "name": "0.24mm Optimal @BBL A1M 0.6 nozzle",
            "sub_path": "process/0.24mm Optimal @BBL A1M 0.6 nozzle.json"
        },
        {
            "name": "0.24mm Optimal @BBL P1P 0.6 nozzle",
            "sub_path": "process/0.24mm Optimal @BBL P1P 0.6 nozzle.json"
        },
        {
            "name": "0.24mm Optimal @BBL A1 0.6 nozzle",
            "sub_path": "process/0.24mm Optimal @BBL A1 0.6 nozzle.json"
        },
        {
            "name": "0.36mm Standard @BBL X1C 0.6 nozzle",
            "sub_path": "process/0.36mm Standard @BBL X1C 0.6 nozzle.json"
        },
        {
            "name": "0.36mm Draft @BBL A1M 0.6 nozzle",
            "sub_path": "process/0.36mm Draft @BBL A1M 0.6 nozzle.json"
        },
        {
            "name": "0.36mm Draft @BBL P1P 0.6 nozzle",
            "sub_path": "process/0.36mm Draft @BBL P1P 0.6 nozzle.json"
        },
        {
            "name": "0.36mm Draft @BBL A1 0.6 nozzle",
            "sub_path": "process/0.36mm Draft @BBL A1 0.6 nozzle.json"
        },
        {
            "name": "0.42mm Standard @BBL X1C 0.6 nozzle",
            "sub_path": "process/0.42mm Standard @BBL X1C 0.6 nozzle.json"
        },
        {
            "name": "0.42mm Extra Draft @BBL A1M 0.6 nozzle",
            "sub_path": "process/0.42mm Extra Draft @BBL A1M 0.6 nozzle.json"
        },
        {
            "name": "0.42mm Extra Draft @BBL P1P 0.6 nozzle",
            "sub_path": "process/0.42mm Extra Draft @BBL P1P 0.6 nozzle.json"
        },
        {
            "name": "0.42mm Extra Draft @BBL A1 0.6 nozzle",
            "sub_path": "process/0.42mm Extra Draft @BBL A1 0.6 nozzle.json"
        },
        {
            "name": "0.24mm Standard @BBL X1C 0.8 nozzle",
            "sub_path": "process/0.24mm Standard @BBL X1C 0.8 nozzle.json"
        },
        {
            "name": "0.24mm Fine @BBL A1M 0.8 nozzle",
            "sub_path": "process/0.24mm Fine @BBL A1M 0.8 nozzle.json"
        },
        {
            "name": "0.24mm Fine @BBL P1P 0.8 nozzle",
            "sub_path": "process/0.24mm Fine @BBL P1P 0.8 nozzle.json"
        },
        {
            "name": "0.24mm Fine @BBL A1 0.8 nozzle",
            "sub_path": "process/0.24mm Fine @BBL A1 0.8 nozzle.json"
        },
        {
            "name": "0.32mm Standard @BBL X1C 0.8 nozzle",
            "sub_path": "process/0.32mm Standard @BBL X1C 0.8 nozzle.json"
        },
        {
            "name": "0.32mm Optimal @BBL A1M 0.8 nozzle",
            "sub_path": "process/0.32mm Optimal @BBL A1M 0.8 nozzle.json"
        },
        {
            "name": "0.32mm Optimal @BBL P1P 0.8 nozzle",
            "sub_path": "process/0.32mm Optimal @BBL P1P 0.8 nozzle.json"
        },
        {
            "name": "0.32mm Optimal @BBL A1 0.8 nozzle",
            "sub_path": "process/0.32mm Optimal @BBL A1 0.8 nozzle.json"
        },
        {
            "name": "0.48mm Standard @BBL X1C 0.8 nozzle",
            "sub_path": "process/0.48mm Standard @BBL X1C 0.8 nozzle.json"
        },
        {
            "name": "0.48mm Draft @BBL A1M 0.8 nozzle",
            "sub_path": "process/0.48mm Draft @BBL A1M 0.8 nozzle.json"
        },
        {
            "name": "0.48mm Draft @BBL P1P 0.8 nozzle",
            "sub_path": "process/0.48mm Draft @BBL P1P 0.8 nozzle.json"
        },
        {
            "name": "0.48mm Draft @BBL A1 0.8 nozzle",
            "sub_path": "process/0.48mm Draft @BBL A1 0.8 nozzle.json"
        },
        {
            "name": "0.56mm Standard @BBL X1C 0.8 nozzle",
            "sub_path": "process/0.56mm Standard @BBL X1C 0.8 nozzle.json"
        },
        {
            "name": "0.56mm Extra Draft @BBL A1M 0.8 nozzle",
            "sub_path": "process/0.56mm Extra Draft @BBL A1M 0.8 nozzle.json"
        },
        {
            "name": "0.56mm Extra Draft @BBL P1P 0.8 nozzle",
            "sub_path": "process/0.56mm Extra Draft @BBL P1P 0.8 nozzle.json"
        },
        {
            "name": "0.56mm Extra Draft @BBL A1 0.8 nozzle",
            "sub_path": "process/0.56mm Extra Draft @BBL A1 0.8 nozzle.json"
        },
        {
            "name": "0.10mm Standard @BBL A1M 0.2 nozzle",
            "sub_path": "process/0.10mm Standard @BBL A1M 0.2 nozzle.json"
        },
        {
            "name": "0.40mm Standard @BBL A1M 0.8 nozzle",
            "sub_path": "process/0.40mm Standard @BBL A1M 0.8 nozzle.json"
        },
        {
            "name": "0.30mm Standard @BBL A1M 0.6 nozzle",
            "sub_path": "process/0.30mm Standard @BBL A1M 0.6 nozzle.json"
        },
        {
            "name": "0.20mm Standard @BBL A1M",
            "sub_path": "process/0.20mm Standard @BBL A1M.json"
        },
        {
            "name": "0.20mm Strength @BBL A1M",
            "sub_path": "process/0.20mm Strength @BBL A1M.json"
        }
    ],
    "filament_list": [
        {
            "name": "fdm_filament_common",
            "sub_path": "filament/fdm_filament_common.json"
        },
        {
            "name": "fdm_filament_pla",
            "sub_path": "filament/fdm_filament_pla.json"
        },
        {
            "name": "fdm_filament_tpu",
            "sub_path": "filament/fdm_filament_tpu.json"
        },
        {
            "name": "fdm_filament_pet",
            "sub_path": "filament/fdm_filament_pet.json"
        },
        {
            "name": "fdm_filament_abs",
            "sub_path": "filament/fdm_filament_abs.json"
        },
        {
            "name": "fdm_filament_pc",
            "sub_path": "filament/fdm_filament_pc.json"
        },
        {
            "name": "fdm_filament_pctg",
            "sub_path": "filament/fdm_filament_pctg.json"
        },
        {
            "name": "fdm_filament_asa",
            "sub_path": "filament/fdm_filament_asa.json"
        },
        {
            "name": "fdm_filament_pva",
            "sub_path": "filament/fdm_filament_pva.json"
        },
        {
            "name": "fdm_filament_pa",
            "sub_path": "filament/fdm_filament_pa.json"
        },
        {
            "name": "fdm_filament_hips",
            "sub_path": "filament/fdm_filament_hips.json"
        },
        {
            "name": "fdm_filament_pps",
            "sub_path": "filament/fdm_filament_pps.json"
        },
        {
            "name": "fdm_filament_ppa",
            "sub_path": "filament/fdm_filament_ppa.json"
        },
        {
            "name": "fdm_filament_pe",
            "sub_path": "filament/fdm_filament_pe.json"
        },
        {
            "name": "fdm_filament_pp",
            "sub_path": "filament/fdm_filament_pp.json"
        },
        {
            "name": "fdm_filament_eva",
            "sub_path": "filament/fdm_filament_eva.json"
        },
        {
            "name": "fdm_filament_pha",
            "sub_path": "filament/fdm_filament_pha.json"
        },
        {
            "name": "fdm_filament_bvoh",
            "sub_path": "filament/fdm_filament_bvoh.json"
        },
        {
            "name": "Bambu PLA Matte @base",
            "sub_path": "filament/Bambu PLA Matte @base.json"
        },
        {
            "name": "Bambu PLA Basic @base",
            "sub_path": "filament/Bambu PLA Basic @base.json"
        },
        {
            "name": "Bambu PLA Tough @base",
            "sub_path": "filament/Bambu PLA Tough @base.json"
        },
        {
            "name": "Bambu PLA Marble @base",
            "sub_path": "filament/Bambu PLA Marble @base.json"
        },
        {
            "name": "Bambu PLA Sparkle @base",
            "sub_path": "filament/Bambu PLA Sparkle @base.json"
        },
        {
            "name": "Bambu PLA Impact @base",
            "sub_path": "filament/Bambu PLA Impact @base.json"
        },
        {
            "name": "Bambu PLA Metal @base",
            "sub_path": "filament/Bambu PLA Metal @base.json"
        },
        {
            "name": "Bambu PLA Silk @base",
            "sub_path": "filament/Bambu PLA Silk @base.json"
        },
        {
            "name": "Bambu Support W @base",
            "sub_path": "filament/Bambu Support W @base.json"
        },
        {
            "name": "eSUN PLA+ @base",
            "sub_path": "filament/eSUN PLA+ @base.json"
        },
        {
            "name": "PolyTerra PLA @base",
            "sub_path": "filament/PolyTerra PLA @base.json"
        },
        {
            "name": "PolyLite PLA @base",
            "sub_path": "filament/PolyLite PLA @base.json"
        },
        {
            "name": "Bambu Generic PLA @base",
            "sub_path": "filament/Bambu Generic PLA @base.json"
        },
        {
            "name": "Bambu Generic PLA Silk @base",
            "sub_path": "filament/Bambu Generic PLA Silk @base.json"
        },
        {
            "name": "Bambu Generic PLA-CF @base",
            "sub_path": "filament/Bambu Generic PLA-CF @base.json"
        },
        {
            "name": "Bambu PLA-CF @base",
            "sub_path": "filament/Bambu PLA-CF @base.json"
        },
        {
            "name": "Bambu Support For PLA @base",
            "sub_path": "filament/Bambu Support For PLA @base.json"
        },
        {
            "name": "Bambu PLA Aero @base",
            "sub_path": "filament/Bambu PLA Aero @base.json"
        },
        {
            "name": "Overture PLA @base",
            "sub_path": "filament/Overture PLA @base.json"
        },
        {
            "name": "Overture Matte PLA @base",
            "sub_path": "filament/Overture Matte PLA @base.json"
        },
        {
            "name": "Bambu Generic PLA High Speed @base",
            "sub_path": "filament/Bambu Generic PLA High Speed @base.json"
        },
        {
            "name": "Bambu PLA Glow @base",
            "sub_path": "filament/Bambu PLA Glow @base.json"
        },
        {
            "name": "Bambu PLA Dynamic @base",
            "sub_path": "filament/Bambu PLA Dynamic @base.json"
        },
        {
            "name": "Bambu PLA Galaxy @base",
            "sub_path": "filament/Bambu PLA Galaxy @base.json"
        },
        {
            "name": "Bambu Support For PLA/PETG @base",
            "sub_path": "filament/Bambu Support For PLA-PETG @base.json"
        },
        {
            "name": "Bambu TPU 95A @base",
            "sub_path": "filament/Bambu TPU 95A @base.json"
        },
        {
            "name": "Bambu Generic TPU",
            "sub_path": "filament/Bambu Generic TPU.json"
        },
        {
            "name": "Bambu Generic TPU @BBL P1P",
            "sub_path": "filament/P1P/Bambu Generic TPU @BBL P1P.json"
        },
        {
            "name": "Bambu TPU 95A HF @base",
            "sub_path": "filament/Bambu TPU 95A HF @base.json"
        },
        {
            "name": "Bambu PETG Basic @base",
            "sub_path": "filament/Bambu PETG Basic @base.json"
        },
        {
            "name": "Bambu PET-CF @base",
            "sub_path": "filament/Bambu PET-CF @base.json"
        },
        {
            "name": "Bambu Generic PETG @base",
            "sub_path": "filament/Bambu Generic PETG @base.json"
        },
        {
            "name": "Bambu Generic PETG-CF @base",
            "sub_path": "filament/Bambu Generic PETG-CF @base.json"
        },
        {
            "name": "Bambu PETG-CF @base",
            "sub_path": "filament/Bambu PETG-CF @base.json"
        },
        {
            "name": "PolyLite PETG @base",
            "sub_path": "filament/PolyLite PETG @base.json"
        },
        {
            "name": "Bambu PETG Translucent @base",
            "sub_path": "filament/Bambu PETG Translucent @base.json"
        },
        {
            "name": "Bambu Generic PCTG @base",
            "sub_path": "filament/Bambu Generic PCTG @base.json"
        },
        {
            "name": "Bambu ABS @base",
            "sub_path": "filament/Bambu ABS @base.json"
        },
        {
            "name": "Bambu Generic ABS @base",
            "sub_path": "filament/Bambu Generic ABS @base.json"
        },
        {
            "name": "PolyLite ABS @base",
            "sub_path": "filament/PolyLite ABS @base.json"
        },
        {
            "name": "Bambu ABS-GF @base",
            "sub_path": "filament/Bambu ABS-GF @base.json"
        },
        {
            "name": "Bambu PC @base",
            "sub_path": "filament/Bambu PC @base.json"
        },
        {
            "name": "Bambu Generic PC @base",
            "sub_path": "filament/Bambu Generic PC @base.json"
        },
        {
            "name": "Bambu Generic ASA @base",
            "sub_path": "filament/Bambu Generic ASA @base.json"
        },
        {
            "name": "Bambu ASA @base",
            "sub_path": "filament/Bambu ASA @base.json"
        },
        {
            "name": "PolyLite ASA @base",
            "sub_path": "filament/PolyLite ASA @base.json"
        },
        {
            "name": "Bambu ASA-Aero @base",
            "sub_path": "filament/Bambu ASA-Aero @base.json"
        },
        {
            "name": "Bambu Generic PVA @base",
            "sub_path": "filament/Bambu Generic PVA @base.json"
        },
        {
            "name": "Bambu PVA @base",
            "sub_path": "filament/Bambu PVA @base.json"
        },
        {
            "name": "Bambu Support G @base",
            "sub_path": "filament/Bambu Support G @base.json"
        },
        {
            "name": "Bambu PA-CF @base",
            "sub_path": "filament/Bambu PA-CF @base.json"
        },
        {
            "name": "Bambu Generic PA",
            "sub_path": "filament/Bambu Generic PA.json"
        },
        {
            "name": "Bambu Generic PA-CF",
            "sub_path": "filament/Bambu Generic PA-CF.json"
        },
        {
            "name": "Bambu PAHT-CF @base",
            "sub_path": "filament/Bambu PAHT-CF @base.json"
        },
        {
            "name": "Bambu Generic PA-CF @BBL P1P",
            "sub_path": "filament/P1P/Bambu Generic PA-CF @BBL P1P.json"
        },
        {
            "name": "Bambu Generic PA @BBL P1P",
            "sub_path": "filament/P1P/Bambu Generic PA @BBL P1P.json"
        },
        {
            "name": "Bambu Support For PA/PET @base",
            "sub_path": "filament/Bambu Support For PA PET @base.json"
        },
        {
            "name": "Bambu PA6-CF @base",
            "sub_path": "filament/Bambu PA6-CF @base.json"
        },
        {
            "name": "Bambu PA6-GF @base",
            "sub_path": "filament/Bambu PA6-GF @base.json"
        },
        {
            "name": "Bambu Generic HIPS @base",
            "sub_path": "filament/Bambu Generic HIPS @base.json"
        },
        {
            "name": "Bambu Generic PPS-CF @base",
            "sub_path": "filament/Bambu Generic PPS-CF @base.json"
        },
        {
            "name": "Bambu Generic PPS @base",
            "sub_path": "filament/Bambu Generic PPS @base.json"
        },
        {
            "name": "Bambu Generic PPA-CF @base",
            "sub_path": "filament/Bambu Generic PPA-CF @base.json"
        },
        {
            "name": "Bambu Generic PPA-GF @base",
            "sub_path": "filament/Bambu Generic PPA-GF @base.json"
        },
        {
            "name": "Bambu Generic PE @base",
            "sub_path": "filament/Bambu Generic PE @base.json"
        },
        {
            "name": "Bambu Generic PE-CF @base",
            "sub_path": "filament/Bambu Generic PE-CF @base.json"
        },
        {
            "name": "Bambu Generic PP @base",
            "sub_path": "filament/Bambu Generic PP @base.json"
        },
        {
            "name": "Bambu Generic PP-CF @base",
            "sub_path": "filament/Bambu Generic PP-CF @base.json"
        },
        {
            "name": "Bambu Generic PP-GF @base",
            "sub_path": "filament/Bambu Generic PP-GF @base.json"
        },
        {
            "name": "Bambu Generic EVA @base",
            "sub_path": "filament/Bambu Generic EVA @base.json"
        },
        {
            "name": "Bambu Generic PHA @base",
            "sub_path": "filament/Bambu Generic PHA @base.json"
        },
        {
            "name": "Bambu Generic BVOH @base",
            "sub_path": "filament/Bambu Generic BVOH @base.json"
        },
        {
            "name": "Bambu PLA Matte @BBL X1C",
            "sub_path": "filament/Bambu PLA Matte @BBL X1C.json"
        },
        {
            "name": "Bambu PLA Matte @BBL X1C 0.2 nozzle",
            "sub_path": "filament/Bambu PLA Matte @BBL X1C 0.2 nozzle.json"
        },
        {
            "name": "Bambu PLA Matte @BBL X1C 0.8 nozzle",
            "sub_path": "filament/Bambu PLA Matte @BBL X1C 0.8 nozzle.json"
        },
        {
            "name": "Bambu PLA Matte @BBL X1",
            "sub_path": "filament/Bambu PLA Matte @BBL X1.json"
        },
        {
            "name": "Bambu PLA Matte @BBL P1P 0.2 nozzle",
            "sub_path": "filament/P1P/Bambu PLA Matte @BBL P1P 0.2 nozzle.json"
        },
        {
            "name": "Bambu PLA Matte @BBL P1P",
            "sub_path": "filament/P1P/Bambu PLA Matte @BBL P1P.json"
        },
        {
            "name": "Bambu PLA Matte @BBL A1M",
            "sub_path": "filament/Bambu PLA Matte @BBL A1M.json"
        },
        {
            "name": "Bambu PLA Matte @BBL A1M 0.2 nozzle",
            "sub_path": "filament/Bambu PLA Matte @BBL A1M 0.2 nozzle.json"
        },
        {
            "name": "Bambu PLA Matte @BBL A1",
            "sub_path": "filament/Bambu PLA Matte @BBL A1.json"
        },
        {
            "name": "Bambu PLA Matte @BBL A1 0.2 nozzle",
            "sub_path": "filament/Bambu PLA Matte @BBL A1 0.2 nozzle.json"
        },
        {
            "name": "Bambu PLA Basic @BBL X1C",
            "sub_path": "filament/Bambu PLA Basic @BBL X1C.json"
        },
        {
            "name": "Bambu PLA Basic @BBL X1C 0.2 nozzle",
            "sub_path": "filament/Bambu PLA Basic @BBL X1C 0.2 nozzle.json"
        },
        {
            "name": "Bambu PLA Basic @BBL X1C 0.8 nozzle",
            "sub_path": "filament/Bambu PLA Basic @BBL X1C 0.8 nozzle.json"
        },
        {
            "name": "Bambu PLA Basic @BBL X1",
            "sub_path": "filament/Bambu PLA Basic @BBL X1.json"
        },
        {
            "name": "Bambu PLA Basic @BBL P1P 0.2 nozzle",
            "sub_path": "filament/P1P/Bambu PLA Basic @BBL P1P 0.2 nozzle.json"
        },
        {
            "name": "Bambu PLA Basic @BBL P1P",
            "sub_path": "filament/P1P/Bambu PLA Basic @BBL P1P.json"
        },
        {
            "name": "Bambu PLA Basic @BBL A1M",
            "sub_path": "filament/Bambu PLA Basic @BBL A1M.json"
        },
        {
            "name": "Bambu PLA Basic @BBL A1M 0.2 nozzle",
            "sub_path": "filament/Bambu PLA Basic @BBL A1M 0.2 nozzle.json"
        },
        {
            "name": "Bambu PLA Basic @BBL A1",
            "sub_path": "filament/Bambu PLA Basic @BBL A1.json"
        },
        {
            "name": "Bambu PLA Basic @BBL A1 0.2 nozzle",
            "sub_path": "filament/Bambu PLA Basic @BBL A1 0.2 nozzle.json"
        },
        {
            "name": "Bambu PLA Tough @BBL X1C",
            "sub_path": "filament/Bambu PLA Tough @BBL X1C.json"
        },
        {
            "name": "Bambu PLA Tough @BBL X1C 0.2 nozzle",
            "sub_path": "filament/Bambu PLA Tough @BBL X1C 0.2 nozzle.json"
        },
        {
            "name": "Bambu PLA Tough @BBL X1",
            "sub_path": "filament/Bambu PLA Tough @BBL X1.json"
        },
        {
            "name": "Bambu PLA Tough @BBL P1P 0.2 nozzle",
            "sub_path": "filament/P1P/Bambu PLA Tough @BBL P1P 0.2 nozzle.json"
        },
        {
            "name": "Bambu PLA Tough @BBL P1P",
            "sub_path": "filament/P1P/Bambu PLA Tough @BBL P1P.json"
        },
        {
            "name": "Bambu PLA Tough @BBL A1M",
            "sub_path": "filament/Bambu PLA Tough @BBL A1M.json"
        },
        {
            "name": "Bambu PLA Tough @BBL A1M 0.2 nozzle",
            "sub_path": "filament/Bambu PLA Tough @BBL A1M 0.2 nozzle.json"
        },
        {
            "name": "Bambu PLA Tough @BBL A1",
            "sub_path": "filament/Bambu PLA Tough @BBL A1.json"
        },
        {
            "name": "Bambu PLA Tough @BBL A1 0.2 nozzle",
            "sub_path": "filament/Bambu PLA Tough @BBL A1 0.2 nozzle.json"
        },
        {
            "name": "Bambu PLA Marble @BBL X1",
            "sub_path": "filament/Bambu PLA Marble @BBL X1.json"
        },
        {
            "name": "Bambu PLA Marble @BBL X1C",
            "sub_path": "filament/Bambu PLA Marble @BBL X1C.json"
        },
        {
            "name": "Bambu PLA Marble @BBL P1P",
            "sub_path": "filament/P1P/Bambu PLA Marble @BBL P1P.json"
        },
        {
            "name": "Bambu PLA Marble @BBL A1M",
            "sub_path": "filament/Bambu PLA Marble @BBL A1M.json"
        },
        {
            "name": "Bambu PLA Marble @BBL A1",
            "sub_path": "filament/Bambu PLA Marble @BBL A1.json"
        },
        {
            "name": "Bambu PLA Sparkle @BBL X1",
            "sub_path": "filament/Bambu PLA Sparkle @BBL X1.json"
        },
        {
            "name": "Bambu PLA Sparkle @BBL X1C",
            "sub_path": "filament/Bambu PLA Sparkle @BBL X1C.json"
        },
        {
            "name": "Bambu PLA Sparkle @BBL P1P",
            "sub_path": "filament/P1P/Bambu PLA Sparkle @BBL P1P.json"
        },
        {
            "name": "Bambu PLA Sparkle @BBL A1M",
            "sub_path": "filament/Bambu PLA Sparkle @BBL A1M.json"
        },
        {
            "name": "Bambu PLA Sparkle @BBL A1",
            "sub_path": "filament/Bambu PLA Sparkle @BBL A1.json"
        },
        {
            "name": "Bambu PLA Metal @BBL X1C 0.2 nozzle",
            "sub_path": "filament/Bambu PLA Metal @BBL X1C 0.2 nozzle.json"
        },
        {
            "name": "Bambu PLA Metal @BBL X1",
            "sub_path": "filament/Bambu PLA Metal @BBL X1.json"
        },
        {
            "name": "Bambu PLA Metal @BBL X1C",
            "sub_path": "filament/Bambu PLA Metal @BBL X1C.json"
        },
        {
            "name": "Bambu PLA Metal @BBL P1P 0.2 nozzle",
            "sub_path": "filament/P1P/Bambu PLA Metal @BBL P1P 0.2 nozzle.json"
        },
        {
            "name": "Bambu PLA Metal @BBL P1P",
            "sub_path": "filament/P1P/Bambu PLA Metal @BBL P1P.json"
        },
        {
            "name": "Bambu PLA Metal @BBL A1M",
            "sub_path": "filament/Bambu PLA Metal @BBL A1M.json"
        },
        {
            "name": "Bambu PLA Metal @BBL A1M 0.2 nozzle",
            "sub_path": "filament/Bambu PLA Metal @BBL A1M 0.2 nozzle.json"
        },
        {
            "name": "Bambu PLA Metal @BBL A1",
            "sub_path": "filament/Bambu PLA Metal @BBL A1.json"
        },
        {
            "name": "Bambu PLA Metal @BBL A1 0.2 nozzle",
            "sub_path": "filament/Bambu PLA Metal @BBL A1 0.2 nozzle.json"
        },
        {
            "name": "Bambu PLA Silk @BBL X1",
            "sub_path": "filament/Bambu PLA Silk @BBL X1.json"
        },
        {
            "name": "Bambu PLA Silk @BBL X1C 0.2 nozzle",
            "sub_path": "filament/Bambu PLA Silk @BBL X1C 0.2 nozzle.json"
        },
        {
            "name": "Bambu PLA Silk @BBL X1C",
            "sub_path": "filament/Bambu PLA Silk @BBL X1C.json"
        },
        {
            "name": "Bambu PLA Silk @BBL P1P",
            "sub_path": "filament/P1P/Bambu PLA Silk @BBL P1P.json"
        },
        {
            "name": "Bambu PLA Silk @BBL P1P 0.2 nozzle",
            "sub_path": "filament/P1P/Bambu PLA Silk @BBL P1P 0.2 nozzle.json"
        },
        {
            "name": "Bambu PLA Silk @BBL A1M",
            "sub_path": "filament/Bambu PLA Silk @BBL A1M.json"
        },
        {
            "name": "Bambu PLA Silk @BBL A1M 0.2 nozzle",
            "sub_path": "filament/Bambu PLA Silk @BBL A1M 0.2 nozzle.json"
        },
        {
            "name": "Bambu PLA Silk @BBL A1",
            "sub_path": "filament/Bambu PLA Silk @BBL A1.json"
        },
        {
            "name": "Bambu PLA Silk @BBL A1 0.2 nozzle",
            "sub_path": "filament/Bambu PLA Silk @BBL A1 0.2 nozzle.json"
        },
        {
            "name": "Bambu Support W @BBL X1C",
            "sub_path": "filament/Bambu Support W @BBL X1C.json"
        },
        {
            "name": "Bambu Support W @BBL X1C 0.2 nozzle",
            "sub_path": "filament/Bambu Support W @BBL X1C 0.2 nozzle.json"
        },
        {
            "name": "Bambu Support W @BBL X1",
            "sub_path": "filament/Bambu Support W @BBL X1.json"
        },
        {
            "name": "Bambu Support W @BBL P1P 0.2 nozzle",
            "sub_path": "filament/P1P/Bambu Support W @BBL P1P 0.2 nozzle.json"
        },
        {
            "name": "Bambu Support W @BBL P1P",
            "sub_path": "filament/P1P/Bambu Support W @BBL P1P.json"
        },
        {
            "name": "Bambu Support W @BBL A1M",
            "sub_path": "filament/Bambu Support W @BBL A1M.json"
        },
        {
            "name": "Bambu Support W @BBL A1M 0.2 nozzle",
            "sub_path": "filament/Bambu Support W @BBL A1M 0.2 nozzle.json"
        },
        {
            "name": "Bambu Support W @BBL A1",
            "sub_path": "filament/Bambu Support W @BBL A1.json"
        },
        {
            "name": "Bambu Support W @BBL A1 0.2 nozzle",
            "sub_path": "filament/Bambu Support W @BBL A1 0.2 nozzle.json"
        },
        {
            "name": "eSUN PLA+ @BBL X1C",
            "sub_path": "filament/eSUN PLA+ @BBL X1C.json"
        },
        {
            "name": "eSUN PLA+ @BBL X1",
            "sub_path": "filament/eSUN PLA+ @BBL X1.json"
        },
        {
            "name": "eSUN PLA+ @BBL X1C 0.2 nozzle",
            "sub_path": "filament/eSUN PLA+ @BBL X1C 0.2 nozzle.json"
        },
        {
            "name": "eSUN PLA+ @BBL P1P",
            "sub_path": "filament/P1P/eSUN PLA+ @BBL P1P.json"
        },
        {
            "name": "eSUN PLA+ @BBL P1P 0.2 nozzle",
            "sub_path": "filament/P1P/eSUN PLA+ @BBL P1P 0.2 nozzle.json"
        },
        {
            "name": "eSUN PLA+ @BBL A1M",
            "sub_path": "filament/eSUN PLA+ @BBL A1M.json"
        },
        {
            "name": "eSUN PLA+ @BBL A1M 0.2 nozzle",
            "sub_path": "filament/eSUN PLA+ @BBL A1M 0.2 nozzle.json"
        },
        {
            "name": "eSUN PLA+ @BBL A1",
            "sub_path": "filament/eSUN PLA+ @BBL A1.json"
        },
        {
            "name": "eSUN PLA+ @BBL A1 0.2 nozzle",
            "sub_path": "filament/eSUN PLA+ @BBL A1 0.2 nozzle.json"
        },
        {
            "name": "PolyTerra PLA @BBL X1C",
            "sub_path": "filament/PolyTerra PLA @BBL X1C.json"
        },
        {
            "name": "PolyTerra PLA @BBL X1",
            "sub_path": "filament/PolyTerra PLA @BBL X1.json"
        },
        {
            "name": "PolyTerra PLA @BBL P1P",
            "sub_path": "filament/P1P/PolyTerra PLA @BBL P1P.json"
        },
        {
            "name": "PolyTerra PLA @BBL A1M",
            "sub_path": "filament/PolyTerra PLA @BBL A1M.json"
        },
        {
            "name": "PolyTerra PLA @BBL A1M 0.2 nozzle",
            "sub_path": "filament/PolyTerra PLA @BBL A1M 0.2 nozzle.json"
        },
        {
            "name": "PolyTerra PLA @BBL A1",
            "sub_path": "filament/PolyTerra PLA @BBL A1.json"
        },
        {
            "name": "PolyTerra PLA @BBL A1 0.2 nozzle",
            "sub_path": "filament/PolyTerra PLA @BBL A1 0.2 nozzle.json"
        },
        {
            "name": "PolyLite PLA @BBL X1C",
            "sub_path": "filament/PolyLite PLA @BBL X1C.json"
        },
        {
            "name": "PolyLite PLA @BBL X1",
            "sub_path": "filament/PolyLite PLA @BBL X1.json"
        },
        {
            "name": "PolyLite PLA @BBL P1P",
            "sub_path": "filament/P1P/PolyLite PLA @BBL P1P.json"
        },
        {
            "name": "PolyLite PLA @BBL A1M",
            "sub_path": "filament/PolyLite PLA @BBL A1M.json"
        },
        {
            "name": "PolyLite PLA @BBL A1M 0.2 nozzle",
            "sub_path": "filament/PolyLite PLA @BBL A1M 0.2 nozzle.json"
        },
        {
            "name": "PolyLite PLA @BBL A1",
            "sub_path": "filament/PolyLite PLA @BBL A1.json"
        },
        {
            "name": "PolyLite PLA @BBL A1 0.2 nozzle",
            "sub_path": "filament/PolyLite PLA @BBL A1 0.2 nozzle.json"
        },
        {
            "name": "Bambu Generic PLA",
            "sub_path": "filament/Bambu Generic PLA.json"
        },
        {
            "name": "Bambu Generic PLA @0.2 nozzle",
            "sub_path": "filament/Bambu Generic PLA @0.2 nozzle.json"
        },
        {
            "name": "Bambu Generic PLA @BBL P1P 0.2 nozzle",
            "sub_path": "filament/P1P/Bambu Generic PLA @BBL P1P 0.2 nozzle.json"
        },
        {
            "name": "Bambu Generic PLA @BBL P1P",
            "sub_path": "filament/P1P/Bambu Generic PLA @BBL P1P.json"
        },
        {
            "name": "Bambu Generic PLA @BBL A1M",
            "sub_path": "filament/Bambu Generic PLA @BBL A1M.json"
        },
        {
            "name": "Bambu Generic PLA @BBL A1M 0.2 nozzle",
            "sub_path": "filament/Bambu Generic PLA @BBL A1M 0.2 nozzle.json"
        },
        {
            "name": "Bambu Generic PLA @BBL A1",
            "sub_path": "filament/Bambu Generic PLA @BBL A1.json"
        },
        {
            "name": "Bambu Generic PLA @BBL A1 0.2 nozzle",
            "sub_path": "filament/Bambu Generic PLA @BBL A1 0.2 nozzle.json"
        },
        {
            "name": "Bambu Generic PLA Silk",
            "sub_path": "filament/Bambu Generic PLA Silk.json"
        },
        {
            "name": "Bambu Generic PLA Silk @BBL P1P",
            "sub_path": "filament/P1P/Bambu Generic PLA Silk @BBL P1P.json"
        },
        {
            "name": "Bambu Generic PLA Silk @BBL A1M",
            "sub_path": "filament/Bambu Generic PLA Silk @BBL A1M.json"
        },
        {
            "name": "Bambu Generic PLA Silk @BBL A1",
            "sub_path": "filament/Bambu Generic PLA Silk @BBL A1.json"
        },
        {
            "name": "Bambu Generic PLA-CF",
            "sub_path": "filament/Bambu Generic PLA-CF.json"
        },
        {
            "name": "Bambu Generic PLA-CF @BBL P1P",
            "sub_path": "filament/P1P/Bambu Generic PLA-CF @BBL P1P.json"
        },
        {
            "name": "Bambu Generic PLA-CF @BBL A1M",
            "sub_path": "filament/Bambu Generic PLA-CF @BBL A1M.json"
        },
        {
            "name": "Bambu Generic PLA-CF @BBL A1",
            "sub_path": "filament/Bambu Generic PLA-CF @BBL A1.json"
        },
        {
            "name": "Bambu PLA-CF @BBL X1C 0.8 nozzle",
            "sub_path": "filament/Bambu PLA-CF @BBL X1C 0.8 nozzle.json"
        },
        {
            "name": "Bambu PLA-CF @BBL X1C",
            "sub_path": "filament/Bambu PLA-CF @BBL X1C.json"
        },
        {
            "name": "Bambu PLA-CF @BBL P1P",
            "sub_path": "filament/P1P/Bambu PLA-CF @BBL P1P.json"
        },
        {
            "name": "Bambu PLA-CF @BBL P1P 0.8 nozzle",
            "sub_path": "filament/P1P/Bambu PLA-CF @BBL P1P 0.8 nozzle.json"
        },
        {
            "name": "Bambu PLA-CF @BBL A1M",
            "sub_path": "filament/Bambu PLA-CF @BBL A1M.json"
        },
        {
            "name": "Bambu PLA-CF @BBL A1M 0.8 nozzle",
            "sub_path": "filament/Bambu PLA-CF @BBL A1M 0.8 nozzle.json"
        },
        {
            "name": "Bambu PLA-CF @BBL A1",
            "sub_path": "filament/Bambu PLA-CF @BBL A1.json"
        },
        {
            "name": "Bambu PLA-CF @BBL A1 0.8 nozzle",
            "sub_path": "filament/Bambu PLA-CF @BBL A1 0.8 nozzle.json"
        },
        {
            "name": "Bambu Support For PLA @BBL X1C 0.2 nozzle",
            "sub_path": "filament/Bambu Support For PLA @BBL X1C 0.2 nozzle.json"
        },
        {
            "name": "Bambu Support For PLA @BBL X1C",
            "sub_path": "filament/Bambu Support For PLA @BBL X1C.json"
        },
        {
            "name": "Bambu Support For PLA @BBL P1P 0.2 nozzle",
            "sub_path": "filament/P1P/Bambu Support For PLA @BBL P1P 0.2 nozzle.json"
        },
        {
            "name": "Bambu Support For PLA @BBL P1P",
            "sub_path": "filament/P1P/Bambu Support For PLA @BBL P1P.json"
        },
        {
            "name": "Bambu Support For PLA @BBL A1M",
            "sub_path": "filament/Bambu Support For PLA @BBL A1M.json"
        },
        {
            "name": "Bambu Support For PLA @BBL A1M 0.2 nozzle",
            "sub_path": "filament/Bambu Support For PLA @BBL A1M 0.2 nozzle.json"
        },
        {
            "name": "Bambu Support For PLA @BBL A1",
            "sub_path": "filament/Bambu Support For PLA @BBL A1.json"
        },
        {
            "name": "Bambu Support For PLA @BBL A1 0.2 nozzle",
            "sub_path": "filament/Bambu Support For PLA @BBL A1 0.2 nozzle.json"
        },
        {
            "name": "Bambu PLA Aero @BBL X1",
            "sub_path": "filament/Bambu PLA Aero @BBL X1.json"
        },
        {
            "name": "Bambu PLA Aero @BBL X1C",
            "sub_path": "filament/Bambu PLA Aero @BBL X1C.json"
        },
        {
            "name": "Bambu PLA Aero @BBL P1P",
            "sub_path": "filament/P1P/Bambu PLA Aero @BBL P1P.json"
        },
        {
            "name": "Bambu PLA Aero @BBL A1M",
            "sub_path": "filament/Bambu PLA Aero @BBL A1M.json"
        },
        {
            "name": "Bambu PLA Aero @BBL A1",
            "sub_path": "filament/Bambu PLA Aero @BBL A1.json"
        },
        {
            "name": "Overture PLA @BBL X1C",
            "sub_path": "filament/Overture PLA @BBL X1C.json"
        },
        {
            "name": "Overture PLA @BBL X1",
            "sub_path": "filament/Overture PLA @BBL X1.json"
        },
        {
            "name": "Overture PLA @BBL P1P",
            "sub_path": "filament/Overture PLA @BBL P1P.json"
        },
        {
            "name": "Overture PLA @BBL A1M",
            "sub_path": "filament/Overture PLA @BBL A1M.json"
        },
        {
            "name": "Overture PLA @BBL A1",
            "sub_path": "filament/Overture PLA @BBL A1.json"
        },
        {
            "name": "Overture PLA @BBL A1 0.2 nozzle",
            "sub_path": "filament/Overture PLA @BBL A1 0.2 nozzle.json"
        },
        {
            "name": "Overture Matte PLA @BBL X1C",
            "sub_path": "filament/Overture Matte PLA @BBL X1C.json"
        },
        {
            "name": "Overture Matte PLA @BBL X1",
            "sub_path": "filament/Overture Matte PLA @BBL X1.json"
        },
        {
            "name": "Overture Matte PLA @BBL P1P",
            "sub_path": "filament/Overture Matte PLA @BBL P1P.json"
        },
        {
            "name": "Overture Matte PLA @BBL A1M",
            "sub_path": "filament/Overture Matte PLA @BBL A1M.json"
        },
        {
            "name": "Overture Matte PLA @BBL A1",
            "sub_path": "filament/Overture Matte PLA @BBL A1.json"
        },
        {
            "name": "Overture Matte PLA @BBL A1 0.2 nozzle",
            "sub_path": "filament/Overture Matte PLA @BBL A1 0.2 nozzle.json"
        },
        {
            "name": "Bambu Generic PLA High Speed @BBL X1C",
            "sub_path": "filament/Bambu Generic PLA High Speed @BBL X1C.json"
        },
        {
            "name": "Bambu Generic PLA High Speed @BBL P1P",
            "sub_path": "filament/Bambu Generic PLA High Speed @BBL P1P.json"
        },
        {
            "name": "Bambu Generic PLA High Speed @BBL A1M",
            "sub_path": "filament/Bambu Generic PLA High Speed @BBL A1M.json"
        },
        {
            "name": "Bambu Generic PLA High Speed @BBL A1",
            "sub_path": "filament/Bambu Generic PLA High Speed @BBL A1.json"
        },
        {
            "name": "Bambu Generic PLA High Speed @BBL A1 0.2 nozzle",
            "sub_path": "filament/Bambu Generic PLA High Speed @BBL A1 0.2 nozzle.json"
        },
        {
            "name": "Bambu PLA Glow @BBL X1C",
            "sub_path": "filament/Bambu PLA Glow @BBL X1C.json"
        },
        {
            "name": "Bambu PLA Glow @BBL P1P",
            "sub_path": "filament/Bambu PLA Glow @BBL P1P.json"
        },
        {
            "name": "Bambu PLA Glow @BBL X1E",
            "sub_path": "filament/Bambu PLA Glow @BBL X1E.json"
        },
        {
            "name": "Bambu PLA Glow @BBL X1",
            "sub_path": "filament/Bambu PLA Glow @BBL X1.json"
        },
        {
            "name": "Bambu PLA Glow @BBL A1 0.2 nozzle",
            "sub_path": "filament/Bambu PLA Glow @BBL A1 0.2 nozzle.json"
        },
        {
            "name": "Bambu PLA Glow @BBL A1",
            "sub_path": "filament/Bambu PLA Glow @BBL A1.json"
        },
        {
            "name": "Bambu PLA Dynamic @BBL X1C",
            "sub_path": "filament/Bambu PLA Dynamic @BBL X1C.json"
        },
        {
            "name": "Bambu PLA Dynamic @BBL X1C 0.2 nozzle",
            "sub_path": "filament/Bambu PLA Dynamic @BBL X1C 0.2 nozzle.json"
        },
        {
            "name": "Bambu PLA Dynamic @BBL X1C 0.8 nozzle",
            "sub_path": "filament/Bambu PLA Dynamic @BBL X1C 0.8 nozzle.json"
        },
        {
            "name": "Bambu PLA Dynamic @BBL P1P",
            "sub_path": "filament/Bambu PLA Dynamic @BBL P1P.json"
        },
        {
            "name": "Bambu PLA Dynamic @BBL P1P 0.2 nozzle",
            "sub_path": "filament/Bambu PLA Dynamic @BBL P1P 0.2 nozzle.json"
        },
        {
            "name": "Bambu PLA Dynamic @BBL A1",
            "sub_path": "filament/Bambu PLA Dynamic @BBL A1.json"
        },
        {
            "name": "Bambu PLA Dynamic @BBL A1 0.2 nozzle",
            "sub_path": "filament/Bambu PLA Dynamic @BBL A1 0.2 nozzle.json"
        },
        {
            "name": "Bambu PLA Dynamic @BBL A1M 0.2 nozzle",
            "sub_path": "filament/Bambu PLA Dynamic @BBL A1M 0.2 nozzle.json"
        },
        {
            "name": "Bambu PLA Dynamic @BBL A1M",
            "sub_path": "filament/Bambu PLA Dynamic @BBL A1M.json"
        },
        {
            "name": "Bambu PLA Galaxy @BBL X1C",
            "sub_path": "filament/Bambu PLA Galaxy @BBL X1C.json"
        },
        {
            "name": "Bambu PLA Galaxy @BBL X1C 0.2 nozzle",
            "sub_path": "filament/Bambu PLA Galaxy @BBL X1C 0.2 nozzle.json"
        },
        {
            "name": "Bambu PLA Galaxy @BBL X1C 0.8 nozzle",
            "sub_path": "filament/Bambu PLA Galaxy @BBL X1C 0.8 nozzle.json"
        },
        {
            "name": "Bambu PLA Galaxy @BBL P1P",
            "sub_path": "filament/Bambu PLA Galaxy @BBL P1P.json"
        },
        {
            "name": "Bambu PLA Galaxy @BBL P1P 0.2 nozzle",
            "sub_path": "filament/Bambu PLA Galaxy @BBL P1P 0.2 nozzle.json"
        },
        {
            "name": "Bambu PLA Galaxy @BBL A1",
            "sub_path": "filament/Bambu PLA Galaxy @BBL A1.json"
        },
        {
            "name": "Bambu PLA Galaxy @BBL A1 0.2 nozzle",
            "sub_path": "filament/Bambu PLA Galaxy @BBL A1 0.2 nozzle.json"
        },
        {
            "name": "Bambu PLA Galaxy @BBL A1M",
            "sub_path": "filament/Bambu PLA Galaxy @BBL A1M.json"
        },
        {
            "name": "Bambu PLA Galaxy @BBL A1M 0.2 nozzle",
            "sub_path": "filament/Bambu PLA Galaxy @BBL A1M 0.2 nozzle.json"
        },
        {
            "name": "Bambu Support For PLA/PETG @BBL X1C",
            "sub_path": "filament/Bambu Support For PLA-PETG @BBL X1C.json"
        },
        {
            "name": "Bambu Support For PLA/PETG @BBL X1C 0.2 nozzle",
            "sub_path": "filament/Bambu Support For PLA-PETG @BBL X1C 0.2 nozzle.json"
        },
        {
            "name": "Bambu Support For PLA/PETG @BBL P1P",
            "sub_path": "filament/Bambu Support For PLA-PETG @BBL P1P.json"
        },
        {
            "name": "Bambu Support For PLA/PETG @BBL P1P 0.2 nozzle",
            "sub_path": "filament/Bambu Support For PLA-PETG @BBL P1P 0.2 nozzle.json"
        },
        {
            "name": "Bambu Support For PLA/PETG @BBL A1M",
            "sub_path": "filament/Bambu Support For PLA-PETG @BBL A1M.json"
        },
        {
            "name": "Bambu Support For PLA/PETG @BBL A1M 0.2 nozzle",
            "sub_path": "filament/Bambu Support For PLA-PETG @BBL A1M 0.2 nozzle.json"
        },
        {
            "name": "Bambu Support For PLA/PETG @BBL A1",
            "sub_path": "filament/Bambu Support For PLA-PETG @BBL A1.json"
        },
        {
            "name": "Bambu Support For PLA/PETG @BBL A1 0.2 nozzle",
            "sub_path": "filament/Bambu Support For PLA-PETG @BBL A1 0.2 nozzle.json"
        },
        {
            "name": "Bambu TPU 95A @BBL X1C",
            "sub_path": "filament/Bambu TPU 95A @BBL X1C.json"
        },
        {
            "name": "Bambu TPU 95A @BBL X1",
            "sub_path": "filament/Bambu TPU 95A @BBL X1.json"
        },
        {
            "name": "Bambu TPU 95A @BBL P1P",
            "sub_path": "filament/P1P/Bambu TPU 95A @BBL P1P.json"
        },
        {
            "name": "Bambu TPU 95A @BBL A1M",
            "sub_path": "filament/Bambu TPU 95A @BBL A1M.json"
        },
        {
            "name": "Bambu TPU 95A @BBL A1",
            "sub_path": "filament/Bambu TPU 95A @BBL A1.json"
        },
        {
            "name": "Bambu Generic TPU @BBL A1M",
            "sub_path": "filament/Bambu Generic TPU @BBL A1M.json"
        },
        {
            "name": "Bambu Generic TPU @BBL A1",
            "sub_path": "filament/Bambu Generic TPU @BBL A1.json"
        },
        {
            "name": "Bambu TPU 95A HF @BBL X1C",
            "sub_path": "filament/Bambu TPU 95A HF @BBL X1C.json"
        },
        {
            "name": "Bambu TPU 95A HF @BBL X1",
            "sub_path": "filament/Bambu TPU 95A HF @BBL X1.json"
        },
        {
            "name": "Bambu TPU 95A HF @BBL P1P",
            "sub_path": "filament/Bambu TPU 95A HF @BBL P1P.json"
        },
        {
            "name": "Bambu TPU 95A HF @BBL P1S",
            "sub_path": "filament/Bambu TPU 95A HF @BBL P1S.json"
        },
        {
            "name": "Bambu TPU 95A HF @BBL X1E",
            "sub_path": "filament/Bambu TPU 95A HF @BBL X1E.json"
        },
        {
            "name": "Bambu TPU 95A HF @BBL A1M",
            "sub_path": "filament/Bambu TPU 95A HF @BBL A1M.json"
        },
        {
            "name": "Bambu TPU 95A HF @BBL A1",
            "sub_path": "filament/Bambu TPU 95A HF @BBL A1.json"
        },
        {
            "name": "Bambu PETG Basic @BBL X1C",
            "sub_path": "filament/Bambu PETG Basic @BBL X1C.json"
        },
        {
            "name": "Bambu PETG Basic @BBL X1C 0.2 nozzle",
            "sub_path": "filament/Bambu PETG Basic @BBL X1C 0.2 nozzle.json"
        },
        {
            "name": "Bambu PETG Basic @BBL X1C 0.8 nozzle",
            "sub_path": "filament/Bambu PETG Basic @BBL X1C 0.8 nozzle.json"
        },
        {
            "name": "Bambu PETG Basic @BBL A1",
            "sub_path": "filament/Bambu PETG Basic @BBL A1.json"
        },
        {
            "name": "Bambu PETG Basic @BBL A1 0.2 nozzle",
            "sub_path": "filament/Bambu PETG Basic @BBL A1 0.2 nozzle.json"
        },
        {
            "name": "Bambu PETG Basic @BBL A1 0.8 nozzle",
            "sub_path": "filament/Bambu PETG Basic @BBL A1 0.8 nozzle.json"
        },
        {
            "name": "Bambu PET-CF @BBL X1C",
            "sub_path": "filament/Bambu PET-CF @BBL X1C.json"
        },
        {
            "name": "Bambu PET-CF @BBL P1P",
            "sub_path": "filament/P1P/Bambu PET-CF @BBL P1P.json"
        },
        {
            "name": "Bambu PET-CF @BBL A1",
            "sub_path": "filament/Bambu PET-CF @BBL A1.json"
        },
        {
            "name": "Bambu Generic PETG",
            "sub_path": "filament/Bambu Generic PETG.json"
        },
        {
            "name": "Bambu Generic PETG @0.2 nozzle",
            "sub_path": "filament/Bambu Generic PETG @0.2 nozzle.json"
        },
        {
            "name": "Bambu Generic PETG @BBL P1P",
            "sub_path": "filament/P1P/Bambu Generic PETG @BBL P1P.json"
        },
        {
            "name": "Bambu Generic PETG @BBL P1P 0.2 nozzle",
            "sub_path": "filament/P1P/Bambu Generic PETG @BBL P1P 0.2 nozzle.json"
        },
        {
            "name": "Bambu Generic PETG @BBL A1M",
            "sub_path": "filament/Bambu Generic PETG @BBL A1M.json"
        },
        {
            "name": "Bambu Generic PETG @BBL A1M 0.2 nozzle",
            "sub_path": "filament/Bambu Generic PETG @BBL A1M 0.2 nozzle.json"
        },
        {
            "name": "Bambu Generic PETG @BBL A1",
            "sub_path": "filament/Bambu Generic PETG @BBL A1.json"
        },
        {
            "name": "Bambu Generic PETG @BBL A1 0.2 nozzle",
            "sub_path": "filament/Bambu Generic PETG @BBL A1 0.2 nozzle.json"
        },
        {
            "name": "Bambu Generic PETG-CF @BBL X1C",
            "sub_path": "filament/Bambu Generic PETG-CF @BBL X1C.json"
        },
        {
            "name": "Bambu Generic PETG-CF @BBL P1P",
            "sub_path": "filament/P1P/Bambu Generic PETG-CF @BBL P1P.json"
        },
        {
            "name": "Bambu Generic PETG-CF @BBL A1",
            "sub_path": "filament/Bambu Generic PETG-CF @BBL A1.json"
        },
        {
            "name": "Bambu PETG-CF @BBL X1C",
            "sub_path": "filament/Bambu PETG-CF @BBL X1C.json"
        },
        {
            "name": "Bambu PETG-CF @BBL X1C 0.4 nozzle",
            "sub_path": "filament/Bambu PETG-CF @BBL X1C 0.4 nozzle.json"
        },
        {
            "name": "Bambu PETG-CF @BBL P1P",
            "sub_path": "filament/P1P/Bambu PETG-CF @BBL P1P.json"
        },
        {
            "name": "Bambu PETG-CF @BBL P1P 0.4 nozzle",
            "sub_path": "filament/P1P/Bambu PETG-CF @BBL P1P 0.4 nozzle.json"
        },
        {
            "name": "Bambu PETG-CF @BBL A1M",
            "sub_path": "filament/Bambu PETG-CF @BBL A1M.json"
        },
        {
            "name": "Bambu PETG-CF @BBL A1 0.4 nozzle",
            "sub_path": "filament/Bambu PETG-CF @BBL A1 0.4 nozzle.json"
        },
        {
            "name": "Bambu PETG-CF @BBL A1 0.8 nozzle",
            "sub_path": "filament/Bambu PETG-CF @BBL A1 0.8 nozzle.json"
        },
        {
            "name": "PolyLite PETG @BBL X1C",
            "sub_path": "filament/PolyLite PETG @BBL X1C.json"
        },
        {
            "name": "PolyLite PETG @BBL P1P",
            "sub_path": "filament/PolyLite PETG @BBL P1P.json"
        },
        {
            "name": "PolyLite PETG @BBL A1M",
            "sub_path": "filament/PolyLite PETG @BBL A1M.json"
        },
        {
            "name": "PolyLite PETG @BBL A1",
            "sub_path": "filament/PolyLite PETG @BBL A1.json"
        },
        {
            "name": "PolyLite PETG @BBL A1 0.2 nozzle",
            "sub_path": "filament/PolyLite PETG @BBL A1 0.2 nozzle.json"
        },
        {
            "name": "Bambu PETG Translucent @BBL X1C",
            "sub_path": "filament/Bambu PETG Translucent @BBL X1C.json"
        },
        {
            "name": "Bambu PETG Translucent @BBL X1C 0.8 nozzle",
            "sub_path": "filament/Bambu PETG Translucent @BBL X1C 0.8 nozzle.json"
        },
        {
            "name": "Bambu PETG Translucent @BBL A1M",
            "sub_path": "filament/Bambu PETG Translucent @BBL A1M.json"
        },
        {
            "name": "Bambu PETG Translucent @BBL A1M 0.8 nozzle",
            "sub_path": "filament/Bambu PETG Translucent @BBL A1M 0.8 nozzle.json"
        },
        {
            "name": "Bambu PETG Translucent @BBL A1 0.8 nozzle",
            "sub_path": "filament/Bambu PETG Translucent @BBL A1 0.8 nozzle.json"
        },
        {
            "name": "Bambu PETG Translucent @BBL A1",
            "sub_path": "filament/Bambu PETG Translucent @BBL A1.json"
        },
        {
            "name": "Bambu Generic PCTG @BBL X1C",
            "sub_path": "filament/Bambu Generic PCTG @BBL X1C.json"
        },
        {
            "name": "Bambu Generic PCTG @BBL A1",
            "sub_path": "filament/Bambu Generic PCTG @BBL A1.json"
        },
        {
            "name": "Bambu Generic PCTG @BBL A1M",
            "sub_path": "filament/Bambu Generic PCTG @BBL A1M.json"
        },
        {
            "name": "Bambu ABS @BBL X1C",
            "sub_path": "filament/Bambu ABS @BBL X1C.json"
        },
        {
            "name": "Bambu ABS @BBL X1C 0.2 nozzle",
            "sub_path": "filament/Bambu ABS @BBL X1C 0.2 nozzle.json"
        },
        {
            "name": "Bambu ABS @BBL X1C 0.8 nozzle",
            "sub_path": "filament/Bambu ABS @BBL X1C 0.8 nozzle.json"
        },
        {
            "name": "Bambu ABS @BBL P1P 0.2 nozzle",
            "sub_path": "filament/P1P/Bambu ABS @BBL P1P 0.2 nozzle.json"
        },
        {
            "name": "Bambu ABS @BBL P1P",
            "sub_path": "filament/P1P/Bambu ABS @BBL P1P.json"
        },
        {
            "name": "Bambu ABS @BBL A1",
            "sub_path": "filament/Bambu ABS @BBL A1.json"
        },
        {
            "name": "Bambu ABS @BBL A1 0.2 nozzle",
            "sub_path": "filament/Bambu ABS @BBL A1 0.2 nozzle.json"
        },
        {
            "name": "Bambu Generic ABS",
            "sub_path": "filament/Bambu Generic ABS.json"
        },
        {
            "name": "Bambu Generic ABS @0.2 nozzle",
            "sub_path": "filament/Bambu Generic ABS @0.2 nozzle.json"
        },
        {
            "name": "Bambu Generic ABS @BBL P1P 0.2 nozzle",
            "sub_path": "filament/P1P/Bambu Generic ABS @BBL P1P 0.2 nozzle.json"
        },
        {
            "name": "Bambu Generic ABS @BBL P1P",
            "sub_path": "filament/P1P/Bambu Generic ABS @BBL P1P.json"
        },
        {
            "name": "Bambu Generic ABS @BBL A1",
            "sub_path": "filament/Bambu Generic ABS @BBL A1.json"
        },
        {
            "name": "Bambu Generic ABS @BBL A1 0.2 nozzle",
            "sub_path": "filament/Bambu Generic ABS @BBL A1 0.2 nozzle.json"
        },
        {
            "name": "PolyLite ABS @BBL X1C",
            "sub_path": "filament/PolyLite ABS @BBL X1C.json"
        },
        {
            "name": "PolyLite ABS @BBL P1P",
            "sub_path": "filament/PolyLite ABS @BBL P1P.json"
        },
        {
            "name": "PolyLite ABS @BBL A1",
            "sub_path": "filament/PolyLite ABS @BBL A1.json"
        },
        {
            "name": "PolyLite ABS @BBL A1 0.2 nozzle",
            "sub_path": "filament/PolyLite ABS @BBL A1 0.2 nozzle.json"
        },
        {
            "name": "Bambu ABS-GF @BBL X1C",
            "sub_path": "filament/Bambu ABS-GF @BBL X1C.json"
        },
        {
            "name": "Bambu ABS-GF @BBL P1P",
            "sub_path": "filament/Bambu ABS-GF @BBL P1P.json"
        },
        {
            "name": "Bambu ABS-GF @BBL A1",
            "sub_path": "filament/Bambu ABS-GF @BBL A1.json"
        },
        {
            "name": "Bambu PC @BBL X1C",
            "sub_path": "filament/Bambu PC @BBL X1C.json"
        },
        {
            "name": "Bambu PC @BBL X1C 0.2 nozzle",
            "sub_path": "filament/Bambu PC @BBL X1C 0.2 nozzle.json"
        },
        {
            "name": "Bambu PC @BBL X1C 0.8 nozzle",
            "sub_path": "filament/Bambu PC @BBL X1C 0.8 nozzle.json"
        },
        {
            "name": "Bambu PC @BBL X1C 0.6 nozzle",
            "sub_path": "filament/Bambu PC @BBL X1C 0.6 nozzle.json"
        },
        {
            "name": "Bambu PC @BBL P1P",
            "sub_path": "filament/P1P/Bambu PC @BBL P1P.json"
        },
        {
            "name": "Bambu PC @BBL P1P 0.2 nozzle",
            "sub_path": "filament/P1P/Bambu PC @BBL P1P 0.2 nozzle.json"
        },
        {
            "name": "Bambu PC @BBL A1 0.2 nozzle",
            "sub_path": "filament/Bambu PC @BBL A1 0.2 nozzle.json"
        },
        {
            "name": "Bambu PC @BBL A1",
            "sub_path": "filament/Bambu PC @BBL A1.json"
        },
        {
            "name": "Bambu Generic PC @0.2 nozzle",
            "sub_path": "filament/Bambu Generic PC @0.2 nozzle.json"
        },
        {
            "name": "Bambu Generic PC",
            "sub_path": "filament/Bambu Generic PC.json"
        },
        {
            "name": "Bambu Generic PC @BBL P1P 0.2 nozzle",
            "sub_path": "filament/P1P/Bambu Generic PC @BBL P1P 0.2 nozzle.json"
        },
        {
            "name": "Bambu Generic PC @BBL P1P",
            "sub_path": "filament/P1P/Bambu Generic PC @BBL P1P.json"
        },
        {
            "name": "Bambu Generic PC @BBL A1",
            "sub_path": "filament/Bambu Generic PC @BBL A1.json"
        },
        {
            "name": "Bambu Generic PC @BBL A1 0.2 nozzle",
            "sub_path": "filament/Bambu Generic PC @BBL A1 0.2 nozzle.json"
        },
        {
            "name": "Bambu Generic ASA @0.2 nozzle",
            "sub_path": "filament/Bambu Generic ASA @0.2 nozzle.json"
        },
        {
            "name": "Bambu Generic ASA",
            "sub_path": "filament/Bambu Generic ASA.json"
        },
        {
            "name": "Bambu Generic ASA @BBL P1P 0.2 nozzle",
            "sub_path": "filament/P1P/Bambu Generic ASA @BBL P1P 0.2 nozzle.json"
        },
        {
            "name": "Bambu Generic ASA @BBL P1P",
            "sub_path": "filament/P1P/Bambu Generic ASA @BBL P1P.json"
        },
        {
            "name": "Bambu Generic ASA @BBL A1 0.2 nozzle",
            "sub_path": "filament/Bambu Generic ASA @BBL A1 0.2 nozzle.json"
        },
        {
            "name": "Bambu Generic ASA @BBL A1",
            "sub_path": "filament/Bambu Generic ASA @BBL A1.json"
        },
        {
            "name": "Bambu ASA @BBL X1 0.2 nozzle",
            "sub_path": "filament/Bambu ASA @BBL X1 0.2 nozzle.json"
        },
        {
            "name": "Bambu ASA @BBL X1 0.6 nozzle",
            "sub_path": "filament/Bambu ASA @BBL X1 0.6 nozzle.json"
        },
        {
            "name": "Bambu ASA @BBL X1C",
            "sub_path": "filament/Bambu ASA @BBL X1C.json"
        },
        {
            "name": "Bambu ASA @BBL X1C 0.2 nozzle",
            "sub_path": "filament/Bambu ASA @BBL X1C 0.2 nozzle.json"
        },
        {
            "name": "Bambu ASA @BBL X1C 0.4 nozzle",
            "sub_path": "filament/Bambu ASA @BBL X1C 0.4 nozzle.json"
        },
        {
            "name": "Bambu ASA @BBL A1 0.6 nozzle",
            "sub_path": "filament/Bambu ASA @BBL A1 0.6 nozzle.json"
        },
        {
            "name": "Bambu ASA @BBL A1 0.4 nozzle",
            "sub_path": "filament/Bambu ASA @BBL A1 0.4 nozzle.json"
        },
        {
            "name": "Bambu ASA @BBL A1 0.2 nozzle",
            "sub_path": "filament/Bambu ASA @BBL A1 0.2 nozzle.json"
        },
        {
            "name": "PolyLite ASA @BBL X1C",
            "sub_path": "filament/PolyLite ASA @BBL X1C.json"
        },
        {
            "name": "PolyLite ASA @BBL P1P",
            "sub_path": "filament/PolyLite ASA @BBL P1P.json"
        },
        {
            "name": "PolyLite ASA @BBL A1 0.2 nozzle",
            "sub_path": "filament/PolyLite ASA @BBL A1 0.2 nozzle.json"
        },
        {
            "name": "PolyLite ASA @BBL A1",
            "sub_path": "filament/PolyLite ASA @BBL A1.json"
        },
        {
            "name": "Bambu ASA-Aero @BBL X1C",
            "sub_path": "filament/Bambu ASA-Aero @BBL X1C.json"
        },
        {
            "name": "Bambu ASA-Aero @BBL P1P",
            "sub_path": "filament/Bambu ASA-Aero @BBL P1P.json"
        },
        {
            "name": "Bambu ASA-Aero @BBL A1",
            "sub_path": "filament/Bambu ASA-Aero @BBL A1.json"
        },
        {
            "name": "Bambu Generic PVA @0.2 nozzle",
            "sub_path": "filament/Bambu Generic PVA @0.2 nozzle.json"
        },
        {
            "name": "Bambu Generic PVA",
            "sub_path": "filament/Bambu Generic PVA.json"
        },
        {
            "name": "Bambu Generic PVA @BBL P1P 0.2 nozzle",
            "sub_path": "filament/P1P/Bambu Generic PVA @BBL P1P 0.2 nozzle.json"
        },
        {
            "name": "Bambu Generic PVA @BBL P1P",
            "sub_path": "filament/P1P/Bambu Generic PVA @BBL P1P.json"
        },
        {
            "name": "Bambu Generic PVA @BBL A1M",
            "sub_path": "filament/Bambu Generic PVA @BBL A1M.json"
        },
        {
            "name": "Bambu Generic PVA @BBL A1M 0.2 nozzle",
            "sub_path": "filament/Bambu Generic PVA @BBL A1M 0.2 nozzle.json"
        },
        {
            "name": "Bambu Generic PVA @BBL A1",
            "sub_path": "filament/Bambu Generic PVA @BBL A1.json"
        },
        {
            "name": "Bambu Generic PVA @BBL A1 0.2 nozzle",
            "sub_path": "filament/Bambu Generic PVA @BBL A1 0.2 nozzle.json"
        },
        {
            "name": "Bambu PVA @BBL X1C",
            "sub_path": "filament/Bambu PVA @BBL X1C.json"
        },
        {
            "name": "Bambu PVA @BBL X1C 0.2 nozzle",
            "sub_path": "filament/Bambu PVA @BBL X1C 0.2 nozzle.json"
        },
        {
            "name": "Bambu PVA @BBL P1P",
            "sub_path": "filament/Bambu PVA @BBL P1P.json"
        },
        {
            "name": "Bambu PVA @BBL P1P 0.2 nozzle",
            "sub_path": "filament/Bambu PVA @BBL P1P 0.2 nozzle.json"
        },
        {
            "name": "Bambu PVA @BBL A1",
            "sub_path": "filament/Bambu PVA @BBL A1.json"
        },
        {
            "name": "Bambu PVA @BBL A1 0.2 nozzle",
            "sub_path": "filament/Bambu PVA @BBL A1 0.2 nozzle.json"
        },
        {
            "name": "Bambu PVA @BBL A1M",
            "sub_path": "filament/Bambu PVA @BBL A1M.json"
        },
        {
            "name": "Bambu PVA @BBL A1M 0.2 nozzle",
            "sub_path": "filament/Bambu PVA @BBL A1M 0.2 nozzle.json"
        },
        {
            "name": "Bambu Support G @BBL X1C",
            "sub_path": "filament/Bambu Support G @BBL X1C.json"
        },
        {
            "name": "Bambu Support G @BBL P1P",
            "sub_path": "filament/P1P/Bambu Support G @BBL P1P.json"
        },
        {
            "name": "Bambu Support G @BBL A1",
            "sub_path": "filament/Bambu Support G @BBL A1.json"
        },
        {
            "name": "Bambu PA-CF @BBL X1C",
            "sub_path": "filament/Bambu PA-CF @BBL X1C.json"
        },
        {
            "name": "Bambu PA-CF @BBL P1P",
            "sub_path": "filament/P1P/Bambu PA-CF @BBL P1P.json"
        },
        {
            "name": "Bambu PA-CF @BBL A1",
            "sub_path": "filament/Bambu PA-CF @BBL A1.json"
        },
        {
            "name": "Bambu Generic PA @BBL A1",
            "sub_path": "filament/Bambu Generic PA @BBL A1.json"
        },
        {
            "name": "Bambu Generic PA-CF @BBL X1E",
            "sub_path": "filament/Bambu Generic PA-CF @BBL X1E.json"
        },
        {
            "name": "Bambu Generic PA-CF @BBL A1",
            "sub_path": "filament/Bambu Generic PA-CF @BBL A1.json"
        },
        {
            "name": "Bambu PAHT-CF @BBL X1C",
            "sub_path": "filament/Bambu PAHT-CF @BBL X1C.json"
        },
        {
            "name": "Bambu PAHT-CF @BBL P1P",
            "sub_path": "filament/P1P/Bambu PAHT-CF @BBL P1P.json"
        },
        {
            "name": "Bambu PAHT-CF @BBL A1",
            "sub_path": "filament/Bambu PAHT-CF @BBL A1.json"
        },
        {
            "name": "Bambu Support For PA/PET @BBL P1P",
            "sub_path": "filament/P1P/Bambu Support For PA PET @BBL P1P.json"
        },
        {
            "name": "Bambu Support For PA/PET @BBL X1C",
            "sub_path": "filament/Bambu Support For PA PET @BBL X1C.json"
        },
        {
            "name": "Bambu Support For PA/PET @BBL A1",
            "sub_path": "filament/Bambu Support For PA PET @BBL A1.json"
        },
        {
            "name": "Bambu PA6-CF @BBL X1C",
            "sub_path": "filament/Bambu PA6-CF @BBL X1C.json"
        },
        {
            "name": "Bambu PA6-CF @BBL X1E",
            "sub_path": "filament/Bambu PA6-CF @BBL X1E.json"
        },
        {
            "name": "Bambu PA6-CF @BBL A1",
            "sub_path": "filament/Bambu PA6-CF @BBL A1.json"
        },
        {
            "name": "Bambu PA6-GF @BBL X1C",
            "sub_path": "filament/Bambu PA6-GF @BBL X1C.json"
        },
        {
            "name": "Bambu PA6-GF @BBL P1P",
            "sub_path": "filament/Bambu PA6-GF @BBL P1P.json"
        },
        {
            "name": "Bambu PA6-GF @BBL A1",
            "sub_path": "filament/Bambu PA6-GF @BBL A1.json"
        },
        {
            "name": "Bambu Generic HIPS @BBL X1C",
            "sub_path": "filament/Bambu Generic HIPS @BBL X1C.json"
        },
        {
            "name": "Bambu Generic HIPS @BBL X1C 0.2 nozzle",
            "sub_path": "filament/Bambu Generic HIPS @BBL X1C 0.2 nozzle.json"
        },
        {
            "name": "Bambu Generic HIPS @BBL A1M",
            "sub_path": "filament/Bambu Generic HIPS @BBL A1M.json"
        },
        {
            "name": "Bambu Generic HIPS @BBL A1M 0.2 nozzle",
            "sub_path": "filament/Bambu Generic HIPS @BBL A1M 0.2 nozzle.json"
        },
        {
            "name": "Bambu Generic HIPS @BBL A1",
            "sub_path": "filament/Bambu Generic HIPS @BBL A1.json"
        },
        {
            "name": "Bambu Generic HIPS @BBL A1 0.2 nozzle",
            "sub_path": "filament/Bambu Generic HIPS @BBL A1 0.2 nozzle.json"
        },
        {
            "name": "Bambu Generic PPS-CF @BBL X1E",
            "sub_path": "filament/Bambu Generic PPS-CF @BBL X1E.json"
        },
        {
            "name": "Bambu Generic PPS @BBL X1E",
            "sub_path": "filament/Bambu Generic PPS @BBL X1E.json"
        },
        {
            "name": "Bambu Generic PPA-CF @BBL X1E",
            "sub_path": "filament/Bambu Generic PPA-CF @BBL X1E.json"
        },
        {
            "name": "Bambu Generic PPA-CF @BBL X1C",
            "sub_path": "filament/Bambu Generic PPA-CF @BBL X1C.json"
        },
        {
            "name": "Bambu Generic PPA-GF @BBL X1C",
            "sub_path": "filament/Bambu Generic PPA-GF @BBL X1C.json"
        },
        {
            "name": "Bambu Generic PPA-GF @BBL X1E",
            "sub_path": "filament/Bambu Generic PPA-GF @BBL X1E.json"
        },
        {
            "name": "Bambu Generic PE @BBL X1C",
            "sub_path": "filament/Bambu Generic PE @BBL X1C.json"
        },
        {
            "name": "Bambu Generic PE @BBL A1",
            "sub_path": "filament/Bambu Generic PE @BBL A1.json"
        },
        {
            "name": "Bambu Generic PE @BBL A1M",
            "sub_path": "filament/Bambu Generic PE @BBL A1M.json"
        },
        {
            "name": "Bambu Generic PE-CF @BBL X1C",
            "sub_path": "filament/Bambu Generic PE-CF @BBL X1C.json"
        },
        {
            "name": "Bambu Generic PE-CF @BBL A1",
            "sub_path": "filament/Bambu Generic PE-CF @BBL A1.json"
        },
        {
            "name": "Bambu Generic PE-CF @BBL A1M",
            "sub_path": "filament/Bambu Generic PE-CF @BBL A1M.json"
        },
        {
            "name": "Bambu Generic PP @BBL X1C",
            "sub_path": "filament/Bambu Generic PP @BBL X1C.json"
        },
        {
            "name": "Bambu Generic PP @BBL A1",
            "sub_path": "filament/Bambu Generic PP @BBL A1.json"
        },
        {
            "name": "Bambu Generic PP @BBL A1M",
            "sub_path": "filament/Bambu Generic PP @BBL A1M.json"
        },
        {
            "name": "Bambu Generic PP-CF @BBL X1C",
            "sub_path": "filament/Bambu Generic PP-CF @BBL X1C.json"
        },
        {
            "name": "Bambu Generic PP-CF @BBL A1",
            "sub_path": "filament/Bambu Generic PP-CF @BBL A1.json"
        },
        {
            "name": "Bambu Generic PP-GF @BBL X1C",
            "sub_path": "filament/Bambu Generic PP-GF @BBL X1C.json"
        },
        {
            "name": "Bambu Generic PP-GF @BBL A1",
            "sub_path": "filament/Bambu Generic PP-GF @BBL A1.json"
        },
        {
            "name": "Bambu Generic EVA @BBL X1C",
            "sub_path": "filament/Bambu Generic EVA @BBL X1C.json"
        },
        {
            "name": "Bambu Generic EVA @BBL A1",
            "sub_path": "filament/Bambu Generic EVA @BBL A1.json"
        },
        {
            "name": "Bambu Generic EVA @BBL A1M",
            "sub_path": "filament/Bambu Generic EVA @BBL A1M.json"
        },
        {
            "name": "Bambu Generic PHA @BBL X1C",
            "sub_path": "filament/Bambu Generic PHA @BBL X1C.json"
        },
        {
            "name": "Bambu Generic PHA @BBL A1M",
            "sub_path": "filament/Bambu Generic PHA @BBL A1M.json"
        },
        {
            "name": "Bambu Generic PHA @BBL A1",
            "sub_path": "filament/Bambu Generic PHA @BBL A1.json"
        },
        {
            "name": "Bambu Generic BVOH @BBL X1C",
            "sub_path": "filament/Bambu Generic BVOH @BBL X1C.json"
        },
        {
            "name": "Bambu Generic BVOH @BBL A1M",
            "sub_path": "filament/Bambu Generic BVOH @BBL A1M.json"
        },
        {
            "name": "Bambu Generic BVOH @BBL A1",
            "sub_path": "filament/Bambu Generic BVOH @BBL A1.json"
        },
        {
            "name": "PolyTerra PLA @BBL X1C 0.2 nozzle",
            "sub_path": "filament/PolyTerra PLA @BBL X1C 0.2 nozzle.json"
        },
        {
            "name": "PolyTerra PLA @BBL P1P 0.2 nozzle",
            "sub_path": "filament/P1P/PolyTerra PLA @BBL P1P 0.2 nozzle.json"
        },
        {
            "name": "PolyLite PLA @BBL X1C 0.2 nozzle",
            "sub_path": "filament/PolyLite PLA @BBL X1C 0.2 nozzle.json"
        },
        {
            "name": "PolyLite PLA @BBL P1P 0.2 nozzle",
            "sub_path": "filament/P1P/PolyLite PLA @BBL P1P 0.2 nozzle.json"
        },
        {
            "name": "Overture PLA @BBL X1C 0.2 nozzle",
            "sub_path": "filament/Overture PLA @BBL X1C 0.2 nozzle.json"
        },
        {
            "name": "Overture PLA @BBL P1P 0.2 nozzle",
            "sub_path": "filament/Overture PLA @BBL P1P 0.2 nozzle.json"
        },
        {
            "name": "Overture PLA @BBL A1M 0.2 nozzle",
            "sub_path": "filament/Overture PLA @BBL A1M 0.2 nozzle.json"
        },
        {
            "name": "Overture Matte PLA @BBL X1C 0.2 nozzle",
            "sub_path": "filament/Overture Matte PLA @BBL X1C 0.2 nozzle.json"
        },
        {
            "name": "Overture Matte PLA @BBL P1P 0.2 nozzle",
            "sub_path": "filament/Overture Matte PLA @BBL P1P 0.2 nozzle.json"
        },
        {
            "name": "Overture Matte PLA @BBL A1M 0.2 nozzle",
            "sub_path": "filament/Overture Matte PLA @BBL A1M 0.2 nozzle.json"
        },
        {
            "name": "Bambu Generic PLA High Speed @BBL X1C 0.2 nozzle",
            "sub_path": "filament/Bambu Generic PLA High Speed @BBL X1C 0.2 nozzle.json"
        },
        {
            "name": "Bambu Generic PLA High Speed @BBL P1P 0.2 nozzle",
            "sub_path": "filament/Bambu Generic PLA High Speed @BBL P1P 0.2 nozzle.json"
        },
        {
            "name": "Bambu Generic PLA High Speed @BBL A1M 0.2 nozzle",
            "sub_path": "filament/Bambu Generic PLA High Speed @BBL A1M 0.2 nozzle.json"
        },
        {
            "name": "Bambu PLA Glow @BBL X1C 0.2 nozzle",
            "sub_path": "filament/Bambu PLA Glow @BBL X1C 0.2 nozzle.json"
        },
        {
            "name": "Bambu PLA Glow @BBL P1P 0.2 nozzle",
            "sub_path": "filament/Bambu PLA Glow @BBL P1P 0.2 nozzle.json"
        },
        {
            "name": "Bambu PLA Glow @BBL X1E 0.2 nozzle",
            "sub_path": "filament/Bambu PLA Glow @BBL X1E 0.2 nozzle.json"
        },
        {
            "name": "Bambu PLA Glow @BBL X1 0.2 nozzle",
            "sub_path": "filament/Bambu PLA Glow @BBL X1 0.2 nozzle.json"
        },
        {
            "name": "Bambu PETG Basic @BBL A1M 0.4 nozzle",
            "sub_path": "filament/Bambu PETG Basic @BBL A1M 0.4 nozzle.json"
        },
        {
            "name": "Bambu PETG Basic @BBL A1M 0.2 nozzle",
            "sub_path": "filament/Bambu PETG Basic @BBL A1M 0.2 nozzle.json"
        },
        {
            "name": "Bambu PETG Basic @BBL A1M 0.8 nozzle",
            "sub_path": "filament/Bambu PETG Basic @BBL A1M 0.8 nozzle.json"
        },
        {
            "name": "Bambu Generic PETG-CF @BBL A1M",
            "sub_path": "filament/P1P/Bambu Generic PETG-CF @BBL A1M.json"
        },
        {
            "name": "Bambu PETG-CF @BBL A1M 0.4 nozzle",
            "sub_path": "filament/Bambu PETG-CF @BBL A1M 0.4 nozzle.json"
        },
        {
            "name": "Bambu PET-CF @BBL X1E",
            "sub_path": "filament/Bambu PET-CF @BBL X1E.json"
        },
        {
            "name": "PolyLite PETG @BBL X1C 0.2 nozzle",
            "sub_path": "filament/PolyLite PETG @BBL X1C 0.2 nozzle.json"
        },
        {
            "name": "PolyLite PETG @BBL P1P 0.2 nozzle",
            "sub_path": "filament/PolyLite PETG @BBL P1P 0.2 nozzle.json"
        },
        {
            "name": "PolyLite PETG @BBL A1M 0.2 nozzle",
            "sub_path": "filament/PolyLite PETG @BBL A1M 0.2 nozzle.json"
        },
        {
            "name": "Bambu ABS @BBL X1E",
            "sub_path": "filament/Bambu ABS @BBL X1E.json"
        },
        {
            "name": "Bambu ABS @BBL X1E 0.2 nozzle",
            "sub_path": "filament/Bambu ABS @BBL X1E 0.2 nozzle.json"
        },
        {
            "name": "Bambu ABS @BBL X1E 0.8 nozzle",
            "sub_path": "filament/Bambu ABS @BBL X1E 0.8 nozzle.json"
        },
        {
            "name": "Bambu Generic ABS @BBL X1E",
            "sub_path": "filament/Bambu Generic ABS @BBL X1E.json"
        },
        {
            "name": "Bambu Generic ABS @BBL X1E 0.2 nozzle",
            "sub_path": "filament/Bambu Generic ABS @BBL X1E 0.2 nozzle.json"
        },
        {
            "name": "PolyLite ABS @BBL X1E",
            "sub_path": "filament/PolyLite ABS @BBL X1E.json"
        },
        {
            "name": "PolyLite ABS @BBL X1C 0.2 nozzle",
            "sub_path": "filament/PolyLite ABS @BBL X1C 0.2 nozzle.json"
        },
        {
            "name": "PolyLite ABS @BBL P1P 0.2 nozzle",
            "sub_path": "filament/PolyLite ABS @BBL P1P 0.2 nozzle.json"
        },
        {
            "name": "Bambu PC @BBL P1S",
            "sub_path": "filament/Bambu PC @BBL P1S.json"
        },
        {
            "name": "Bambu PC @BBL X1E",
            "sub_path": "filament/Bambu PC @BBL X1E.json"
        },
        {
            "name": "Bambu PC @BBL P1S 0.2 nozzle",
            "sub_path": "filament/Bambu PC @BBL P1S 0.2 nozzle.json"
        },
        {
            "name": "Bambu PC @BBL X1E 0.2 nozzle",
            "sub_path": "filament/Bambu PC @BBL X1E 0.2 nozzle.json"
        },
        {
            "name": "Bambu PC @BBL P1S 0.8 nozzle",
            "sub_path": "filament/Bambu PC @BBL P1S 0.8 nozzle.json"
        },
        {
            "name": "Bambu PC @BBL X1E 0.8 nozzle",
            "sub_path": "filament/Bambu PC @BBL X1E 0.8 nozzle.json"
        },
        {
            "name": "Bambu PC @BBL P1S 0.6 nozzle",
            "sub_path": "filament/Bambu PC @BBL P1S 0.6 nozzle.json"
        },
        {
            "name": "Bambu PC @BBL X1E 0.6 nozzle",
            "sub_path": "filament/Bambu PC @BBL X1E 0.6 nozzle.json"
        },
        {
            "name": "Bambu Generic PC @BBL P1S 0.2 nozzle",
            "sub_path": "filament/Bambu Generic PC @BBL P1S 0.2 nozzle.json"
        },
        {
            "name": "Bambu Generic PC @BBL X1E 0.2 nozzle",
            "sub_path": "filament/Bambu Generic PC @BBL X1E 0.2 nozzle.json"
        },
        {
            "name": "Bambu Generic PC @BBL P1S",
            "sub_path": "filament/Bambu Generic PC @BBL P1S.json"
        },
        {
            "name": "Bambu Generic PC @BBL X1E",
            "sub_path": "filament/Bambu Generic PC @BBL X1E.json"
        },
        {
            "name": "Bambu Generic ASA @BBL X1E 0.2 nozzle",
            "sub_path": "filament/Bambu Generic ASA @BBL X1E 0.2 nozzle.json"
        },
        {
            "name": "Bambu Generic ASA @BBL X1E",
            "sub_path": "filament/Bambu Generic ASA @BBL X1E.json"
        },
        {
            "name": "Bambu ASA @BBL X1E",
            "sub_path": "filament/Bambu ASA @BBL X1E.json"
        },
        {
            "name": "Bambu ASA @BBL X1E 0.2 nozzle",
            "sub_path": "filament/Bambu ASA @BBL X1E 0.2 nozzle.json"
        },
        {
            "name": "Bambu ASA @BBL X1E 0.4 nozzle",
            "sub_path": "filament/Bambu ASA @BBL X1E 0.4 nozzle.json"
        },
        {
            "name": "PolyLite ASA @BBL X1C 0.2 nozzle",
            "sub_path": "filament/PolyLite ASA @BBL X1C 0.2 nozzle.json"
        },
        {
            "name": "PolyLite ASA @BBL X1E",
            "sub_path": "filament/PolyLite ASA @BBL X1E.json"
        },
        {
            "name": "PolyLite ASA @BBL P1P 0.2 nozzle",
            "sub_path": "filament/PolyLite ASA @BBL P1P 0.2 nozzle.json"
        },
        {
            "name": "Bambu Support G @BBL X1E",
            "sub_path": "filament/Bambu Support G @BBL X1E.json"
        },
        {
            "name": "Bambu PA-CF @BBL X1E",
            "sub_path": "filament/Bambu PA-CF @BBL X1E.json"
        },
        {
            "name": "PolyLite ABS @BBL X1E 0.2 nozzle",
            "sub_path": "filament/PolyLite ABS @BBL X1E 0.2 nozzle.json"
        },
        {
            "name": "PolyLite ASA @BBL X1E 0.2 nozzle",
            "sub_path": "filament/PolyLite ASA @BBL X1E 0.2 nozzle.json"
        }
    ],
    "machine_list": [
        {
            "name": "fdm_machine_common",
            "sub_path": "machine/fdm_machine_common.json"
        },
        {
            "name": "fdm_bbl_3dp_001_common",
            "sub_path": "machine/fdm_bbl_3dp_001_common.json"
        },
        {
            "name": "Bambu Lab X1 Carbon 0.4 nozzle",
            "sub_path": "machine/Bambu Lab X1 Carbon 0.4 nozzle.json"
        },
        {
            "name": "Bambu Lab X1 0.4 nozzle",
            "sub_path": "machine/Bambu Lab X1 0.4 nozzle.json"
        },
        {
            "name": "Bambu Lab P1P 0.4 nozzle",
            "sub_path": "machine/Bambu Lab P1P 0.4 nozzle.json"
        },
        {
            "name": "Bambu Lab P1S 0.4 nozzle",
            "sub_path": "machine/Bambu Lab P1S 0.4 nozzle.json"
        },
        {
            "name": "Bambu Lab A1 mini 0.4 nozzle",
            "sub_path": "machine/Bambu Lab A1 mini 0.4 nozzle.json"
        },
        {
            "name": "Bambu Lab X1E 0.4 nozzle",
            "sub_path": "machine/Bambu Lab X1E 0.4 nozzle.json"
        },
        {
            "name": "Bambu Lab A1 0.4 nozzle",
            "sub_path": "machine/Bambu Lab A1 0.4 nozzle.json"
        },
        {
            "name": "Bambu Lab X1 Carbon 0.2 nozzle",
            "sub_path": "machine/Bambu Lab X1 Carbon 0.2 nozzle.json"
        },
        {
            "name": "Bambu Lab X1 Carbon 0.6 nozzle",
            "sub_path": "machine/Bambu Lab X1 Carbon 0.6 nozzle.json"
        },
        {
            "name": "Bambu Lab X1 Carbon 0.8 nozzle",
            "sub_path": "machine/Bambu Lab X1 Carbon 0.8 nozzle.json"
        },
        {
            "name": "Bambu Lab X1 0.2 nozzle",
            "sub_path": "machine/Bambu Lab X1 0.2 nozzle.json"
        },
        {
            "name": "Bambu Lab X1 0.8 nozzle",
            "sub_path": "machine/Bambu Lab X1 0.8 nozzle.json"
        },
        {
            "name": "Bambu Lab X1 0.6 nozzle",
            "sub_path": "machine/Bambu Lab X1 0.6 nozzle.json"
        },
        {
            "name": "Bambu Lab P1P 0.2 nozzle",
            "sub_path": "machine/Bambu Lab P1P 0.2 nozzle.json"
        },
        {
            "name": "Bambu Lab P1P 0.6 nozzle",
            "sub_path": "machine/Bambu Lab P1P 0.6 nozzle.json"
        },
        {
            "name": "Bambu Lab P1P 0.8 nozzle",
            "sub_path": "machine/Bambu Lab P1P 0.8 nozzle.json"
        },
        {
            "name": "Bambu Lab P1S 0.2 nozzle",
            "sub_path": "machine/Bambu Lab P1S 0.2 nozzle.json"
        },
        {
            "name": "Bambu Lab P1S 0.6 nozzle",
            "sub_path": "machine/Bambu Lab P1S 0.6 nozzle.json"
        },
        {
            "name": "Bambu Lab P1S 0.8 nozzle",
            "sub_path": "machine/Bambu Lab P1S 0.8 nozzle.json"
        },
        {
            "name": "Bambu Lab A1 mini 0.2 nozzle",
            "sub_path": "machine/Bambu Lab A1 mini 0.2 nozzle.json"
        },
        {
            "name": "Bambu Lab A1 mini 0.6 nozzle",
            "sub_path": "machine/Bambu Lab A1 mini 0.6 nozzle.json"
        },
        {
            "name": "Bambu Lab A1 mini 0.8 nozzle",
            "sub_path": "machine/Bambu Lab A1 mini 0.8 nozzle.json"
        },
        {
            "name": "Bambu Lab X1E 0.2 nozzle",
            "sub_path": "machine/Bambu Lab X1E 0.2 nozzle.json"
        },
        {
            "name": "Bambu Lab X1E 0.6 nozzle",
            "sub_path": "machine/Bambu Lab X1E 0.6 nozzle.json"
        },
        {
            "name": "Bambu Lab X1E 0.8 nozzle",
            "sub_path": "machine/Bambu Lab X1E 0.8 nozzle.json"
        },
        {
            "name": "Bambu Lab A1 0.2 nozzle",
            "sub_path": "machine/Bambu Lab A1 0.2 nozzle.json"
        },
        {
            "name": "Bambu Lab A1 0.6 nozzle",
            "sub_path": "machine/Bambu Lab A1 0.6 nozzle.json"
        },
        {
            "name": "Bambu Lab A1 0.8 nozzle",
            "sub_path": "machine/Bambu Lab A1 0.8 nozzle.json"
        }
    ]
}