{
    "type": "filament",
    "name": "Bambu Generic ASA @BBL P1P",
    "inherits": "Bambu Generic ASA @base",
    "from": "system",
    "setting_id": "GFSB98_10",
    "instantiation": "true",
    "hot_plate_temp": [
        "100"
    ],
    "hot_plate_temp_initial_layer": [
        "100"
    ],
    "textured_plate_temp": [
        "100"
    ],
    "textured_plate_temp_initial_layer": [
        "100"
    ],
    "compatible_printers": [
        "Bambu Lab P1P 0.4 nozzle",
        "Bambu Lab P1P 0.6 nozzle",
        "Bambu Lab P1P 0.8 nozzle"
    ]
}