{
    "type": "filament",
    "name": "Bambu Generic PA @BBL P1P",
    "inherits": "fdm_filament_pa",
    "from": "system",
    "filament_id": "GFN99",
    "setting_id": "GFSN98_10",
    "instantiation": "true",
    "filament_max_volumetric_speed": [
        "16"
    ],
    "nozzle_temperature": [
        "280"
    ],
    "nozzle_temperature_initial_layer": [
        "280"
    ],
    "required_nozzle_HRC": [
        "3"
    ],
    "compatible_printers": [
        "Bambu Lab P1P 0.4 nozzle",
        "Bambu Lab P1P 0.6 nozzle",
        "Bambu Lab P1P 0.8 nozzle"
    ]
}