{
    "type": "filament",
    "name": "Bambu Support For PLA @BBL P1P",
    "inherits": "Bambu Support For PLA @base",
    "from": "system",
    "setting_id": "GFSS02_12",
    "instantiation": "true",
    "fan_cooling_layer_time": [
        "80"
    ],
    "fan_min_speed": [
        "50"
    ],
    "hot_plate_temp": [
        "65"
    ],
    "hot_plate_temp_initial_layer": [
        "65"
    ],
    "textured_plate_temp": [
        "65"
    ],
    "textured_plate_temp_initial_layer": [
        "65"
    ],
    "compatible_printers": [
        "Bambu Lab P1P 0.4 nozzle",
        "Bambu Lab P1P 0.6 nozzle",
        "Bambu Lab P1P 0.8 nozzle"
    ]
}