{
    "type": "filament",
    "name": "Bambu Generic ASA @BBL P1P 0.2 nozzle",
    "inherits": "Bambu Generic ASA @base",
    "from": "system",
    "setting_id": "GFSB98_11",
    "instantiation": "true",
    "filament_max_volumetric_speed": [
        "2"
    ],
    "hot_plate_temp": [
        "100"
    ],
    "hot_plate_temp_initial_layer": [
        "100"
    ],
    "textured_plate_temp": [
        "100"
    ],
    "textured_plate_temp_initial_layer": [
        "100"
    ],
    "compatible_printers": [
        "Bambu Lab P1P 0.2 nozzle"
    ]
}