{
    "type": "filament",
    "name": "Bambu PLA-CF @BBL P1P",
    "inherits": "Bambu PLA-CF @base",
    "from": "system",
    "setting_id": "GFSA50_10",
    "instantiation": "true",
    "fan_cooling_layer_time": [
        "80"
    ],
    "fan_min_speed": [
        "50"
    ],
    "filament_max_volumetric_speed": [
        "15"
    ],
    "hot_plate_temp": [
        "65"
    ],
    "hot_plate_temp_initial_layer": [
        "65"
    ],
    "nozzle_temperature": [
        "230"
    ],
    "nozzle_temperature_initial_layer": [
        "230"
    ],
    "textured_plate_temp": [
        "65"
    ],
    "textured_plate_temp_initial_layer": [
        "65"
    ],
    "compatible_printers": [
        "Bambu Lab P1P 0.4 nozzle"
    ]
}