{
    "type": "filament",
    "name": "Bambu PLA Silk @BBL P1P 0.2 nozzle",
    "inherits": "Bambu PLA Silk @base",
    "from": "system",
    "setting_id": "GFSA05_11",
    "instantiation": "true",
    "filament_max_volumetric_speed": [
        "2"
    ],
    "hot_plate_temp": [
        "65"
    ],
    "hot_plate_temp_initial_layer": [
        "65"
    ],
    "textured_plate_temp": [
        "65"
    ],
    "textured_plate_temp_initial_layer": [
        "65"
    ],
    "compatible_printers": [
        "Bambu Lab P1P 0.2 nozzle"
    ]
}